"Table 2.1. Current-Cost Net Stock of Private Fixed Assets, Equipment, Structures, and Intellectual Property Products by Type"
"[Billions of dollars; yearend estimates]" 
"Bureau of Economic Analysis" 
"Last Revised on: October 11, 2018"
"Line","","1925","1926","1927","1928","1929","1930","1931","1932","1933","1934","1935","1936","1937","1938","1939","1940","1941","1942","1943","1944","1945","1946","1947","1948","1949","1950","1951","1952","1953","1954","1955","1956","1957","1958","1959","1960","1961","1962","1963","1964","1965","1966","1967","1968","1969","1970","1971","1972","1973","1974","1975","1976","1977","1978","1979","1980","1981","1982","1983","1984","1985","1986","1987","1988","1989","1990","1991","1992","1993","1994","1995","1996","1997","1998","1999","2000","2001","2002","2003","2004","2005","2006","2007","2008","2009","2010","2011","2012","2013","2014","2015","2016","2017"
"","","","","","","","","","","","","","","","","","","","","","","","","","","","","","","","","","","","","","","","","","","","","","","","","","","","","","","","","","","","","","","","","","","","","","","","","","","","","","","","","","","","","","","","","","","","","","",""
"1","        Private fixed assets",223.4,231.6,236.9,248.6,251.7,239.4,205.4,187.6,196.5,198.6,199.5,220.4,231.7,232.0,235.6,254.4,282.8,302.3,317.1,329.3,353.0,434.0,516.6,562.2,581.1,655.8,713.9,751.9,783.3,815.2,888.8,958.5,1008.9,1034.0,1078.1,1111.0,1147.6,1190.4,1228.7,1314.0,1402.9,1522.1,1636.6,1804.7,1962.9,2121.0,2352.7,2594.0,2946.9,3468.3,3786.4,4168.9,4735.7,5412.9,6264.5,7118.0,7860.3,8297.0,8599.6,9112.5,9619.0,10230.6,10843.5,11560.9,12230.0,12802.8,13090.9,13643.6,14358.0,15242.3,15993.5,16812.9,17752.7,18828.3,20085.2,21482.6,22772.5,23906.8,25270.5,27811.3,30662.1,32986.8,34154.6,34981.3,34101.1,34582.2,35557.7,36693.1,38699.6,40732.9,41651.8,43442.8,45272.4
"2","Equipment",31.4,33.2,33.9,34.5,34.7,33.0,30.0,27.0,26.7,26.7,26.2,28.2,30.3,30.3,30.9,33.2,38.1,39.0,39.3,39.3,44.7,54.0,66.4,81.4,85.8,100.2,110.6,116.5,126.1,130.0,143.1,160.5,175.0,180.3,189.0,195.2,198.7,206.3,215.0,227.8,245.5,273.2,299.7,330.3,364.4,399.5,427.7,461.0,513.8,633.7,725.4,802.6,902.8,1030.7,1196.3,1386.3,1546.8,1639.6,1691.5,1781.0,1881.3,1990.0,2082.3,2207.0,2331.1,2455.3,2514.1,2576.9,2676.2,2819.9,2994.8,3140.6,3271.6,3421.5,3616.3,3844.3,3953.7,4000.4,4041.5,4268.8,4469.4,4778.6,5002.7,5252.2,5169.7,5272.1,5510.7,5752.3,5949.8,6185.5,6351.5,6500.7,6734.9
"3","  Nonresidential equipment",31.1,32.8,33.5,34.2,34.3,32.7,29.7,26.7,26.4,26.5,25.9,27.8,29.9,29.9,30.5,32.8,37.6,38.5,38.9,38.8,44.2,53.3,65.5,80.3,84.6,98.8,109.1,114.9,124.4,128.2,141.2,158.6,172.9,178.0,186.6,192.7,196.1,203.7,212.3,224.9,242.5,270.0,296.2,326.5,360.1,394.8,422.5,455.1,507.1,625.5,716.2,792.5,891.6,1018.0,1181.9,1369.9,1528.5,1619.9,1670.5,1758.8,1858.0,1964.7,2055.3,2178.1,2300.6,2423.7,2482.2,2544.3,2642.4,2784.9,2959.2,3104.1,3235.2,3384.7,3578.7,3805.2,3913.4,3959.3,4000.4,4225.9,4423.0,4729.2,4952.1,5200.2,5120.2,5224.0,5459.7,5699.6,5897.2,6133.3,6298.4,6447.1,6679.0
"4","      Information processing equipment",1.4,1.6,1.7,1.8,1.8,1.7,1.6,1.3,1.3,1.3,1.3,1.4,1.5,1.5,1.6,1.8,2.1,2.1,2.0,2.0,2.9,4.4,5.6,6.5,7.1,7.9,8.9,9.4,10.5,11.5,12.4,14.1,16.1,16.9,18.3,19.7,21.4,23.3,25.6,28.3,31.0,35.9,40.8,45.9,52.6,59.5,65.5,73.0,81.6,100.2,112.1,123.0,135.3,158.4,185.5,226.7,265.4,303.4,331.0,372.9,408.9,450.9,480.6,511.8,544.2,573.9,591.2,616.0,643.1,673.4,711.3,753.9,795.4,826.9,886.6,974.4,1000.5,990.2,954.7,1005.6,1014.4,1087.5,1107.9,1160.4,1160.0,1210.5,1252.6,1310.5,1348.1,1381.2,1406.0,1438.3,1529.5
"5","        Computers and peripheral equipment",0.0,0.0,0.0,0.0,0.0,0.0,0.0,0.0,0.0,0.0,0.0,0.0,0.0,0.0,0.0,0.0,0.0,0.0,0.0,0.0,0.0,0.0,0.0,0.0,0.0,0.0,0.0,0.0,0.0,0.0,0.0,0.0,0.0,0.0,0.0,0.2,0.4,0.6,1.1,1.5,2.0,2.7,3.8,4.5,5.8,6.5,6.4,8.3,9.1,10.4,10.9,11.8,12.0,14.3,18.9,23.5,32.5,41.1,44.3,54.5,62.5,72.5,75.8,83.4,87.9,90.0,84.0,85.0,86.6,91.8,100.0,107.3,118.7,127.5,150.8,172.1,165.5,162.8,165.3,168.5,166.1,174.2,182.9,189.9,191.8,207.0,211.4,224.3,233.9,241.0,241.0,241.0,253.1
"6","        Communication equipment",0.7,0.8,0.8,0.9,0.9,0.9,0.8,0.7,0.7,0.7,0.7,0.8,0.8,0.8,0.9,1.0,1.2,1.2,1.2,1.2,2.0,2.9,3.4,3.7,4.1,4.2,4.8,4.9,5.4,6.1,6.5,7.3,8.3,8.8,9.6,10.5,11.8,13.3,14.7,16.1,17.5,19.8,22.3,25.6,29.2,33.7,37.8,41.3,45.0,55.4,60.7,64.7,70.2,81.8,93.1,116.8,135.9,153.8,168.1,187.0,202.6,218.9,234.1,247.4,262.4,275.1,285.6,294.9,306.3,316.8,333.2,361.7,387.0,398.9,426.1,479.5,501.7,478.0,423.0,450.4,437.1,475.2,453.9,466.7,450.6,467.7,480.8,503.2,504.8,503.7,500.6,507.8,560.4
"7","        Medical equipment and instruments",0.0,0.1,0.0,0.1,0.1,0.1,0.1,0.1,0.0,0.0,0.0,0.0,0.1,0.1,0.1,0.1,0.1,0.1,0.1,0.1,0.1,0.1,0.3,0.3,0.4,0.5,0.6,0.6,0.7,0.7,0.8,1.0,1.1,1.2,1.2,1.3,1.4,1.6,1.7,1.9,2.1,2.5,2.9,3.4,4.0,4.7,5.5,6.3,7.5,9.8,11.8,13.8,16.1,18.9,22.2,25.9,29.9,34.0,38.4,42.5,46.2,51.7,57.1,62.0,67.4,74.8,81.0,89.2,97.1,103.2,109.4,114.2,120.4,130.0,139.3,150.8,164.7,179.8,193.7,209.7,230.3,251.5,278.0,301.3,315.6,331.3,347.3,360.1,378.2,393.8,413.4,428.7,444.5
"8","        Nonmedical instruments",0.1,0.2,0.2,0.2,0.2,0.2,0.2,0.2,0.2,0.2,0.2,0.2,0.2,0.2,0.2,0.2,0.2,0.2,0.2,0.2,0.3,0.4,0.6,0.8,0.9,1.2,1.4,1.5,1.8,1.9,2.0,2.3,2.7,2.8,3.0,3.1,3.1,3.2,3.2,3.2,3.3,3.7,4.0,4.3,4.6,5.0,5.3,5.7,6.3,7.9,9.2,10.5,13.1,15.7,18.7,22.6,25.9,30.4,32.7,36.2,40.0,44.1,47.9,51.7,57.2,63.8,69.0,74.8,79.3,84.2,90.4,96.3,99.7,102.9,105.8,109.6,113.9,118.4,121.3,125.1,129.9,135.8,144.2,152.7,154.2,157.5,165.3,174.6,182.7,194.1,202.9,212.5,222.3
"9","        Photocopy and related equipment",0.0,0.0,0.1,0.1,0.1,0.1,0.1,0.0,0.0,0.0,0.0,0.0,0.1,0.1,0.1,0.1,0.1,0.1,0.1,0.1,0.1,0.1,0.2,0.3,0.3,0.4,0.4,0.5,0.5,0.6,0.7,0.7,0.8,0.9,0.9,1.1,1.2,1.3,1.6,2.2,2.9,3.7,4.2,4.5,5.0,5.6,6.5,7.5,9.0,10.8,13.0,15.2,16.3,19.2,22.3,25.9,27.7,30.6,31.6,34.9,37.9,41.2,44.0,47.2,50.4,53.0,55.7,56.9,58.2,61.7,62.7,58.8,54.0,52.6,51.2,50.0,43.0,38.7,36.1,34.0,31.9,30.2,30.9,32.9,32.8,33.2,34.7,36.0,36.5,36.6,36.3,36.9,37.8
"10","        Office and accounting equipment",0.5,0.5,0.6,0.6,0.6,0.5,0.5,0.4,0.3,0.3,0.3,0.3,0.4,0.4,0.4,0.4,0.5,0.5,0.4,0.5,0.5,0.8,1.1,1.3,1.4,1.6,1.8,1.9,2.1,2.2,2.4,2.7,3.2,3.3,3.5,3.6,3.5,3.4,3.3,3.3,3.2,3.5,3.7,3.7,4.0,4.0,4.0,4.0,4.7,5.9,6.4,7.1,7.6,8.5,10.3,11.9,13.7,13.7,15.8,17.9,19.9,22.6,21.8,20.1,18.8,17.2,15.8,15.3,15.6,15.6,15.7,15.5,15.6,14.9,13.4,12.4,11.9,12.5,15.4,17.9,19.1,20.5,18.0,16.9,15.1,13.7,13.0,12.3,12.0,12.0,11.8,11.5,11.3
"11","      Industrial equipment",9.3,9.8,10.1,10.6,10.5,9.9,9.1,8.2,8.7,9.0,8.8,9.7,10.5,10.4,10.8,11.9,13.1,13.4,13.7,14.1,16.4,19.2,23.6,28.4,28.9,35.0,38.4,41.2,45.6,48.6,55.2,64.8,71.3,73.7,77.9,80.2,80.9,83.3,85.8,90.4,96.9,108.0,119.0,130.4,141.4,155.7,165.4,173.6,190.9,237.1,279.6,308.6,346.9,389.6,450.7,525.4,571.0,597.7,604.8,621.8,654.8,692.4,731.0,775.8,827.4,882.2,904.7,924.0,951.1,997.0,1060.5,1104.6,1139.9,1182.1,1220.6,1270.1,1300.2,1318.8,1348.0,1404.2,1465.6,1558.3,1651.9,1748.0,1747.2,1770.7,1842.5,1900.1,1933.0,1978.5,1995.8,2028.4,2089.1
"12","        Fabricated metal products",0.9,0.9,0.9,0.9,1.0,0.9,0.8,0.7,0.8,0.8,0.8,0.8,0.9,0.8,0.8,0.8,0.9,1.0,1.0,1.1,1.3,1.6,2.3,2.8,2.9,3.5,3.9,4.4,4.8,5.2,6.1,6.9,7.4,7.7,8.2,8.3,8.2,8.3,8.3,8.6,8.9,9.7,10.3,11.5,12.6,14.6,16.6,18.1,20.9,27.5,33.3,37.4,44.3,50.8,60.0,68.9,75.2,80.0,79.0,78.4,78.0,75.2,75.1,79.9,81.9,83.4,84.8,84.5,83.4,85.9,90.5,93.2,92.2,91.7,91.5,93.3,95.5,96.3,98.3,107.4,113.9,125.1,135.9,149.0,147.7,149.4,155.2,159.7,160.5,164.6,164.8,163.8,169.6
"13","        Engines and turbines",0.7,0.7,0.7,0.7,0.7,0.6,0.6,0.6,0.6,0.6,0.6,0.6,0.6,0.6,0.6,0.7,0.7,0.7,0.7,0.7,1.0,1.0,1.1,1.3,1.4,1.6,1.7,2.4,2.2,2.5,3.1,3.9,4.6,5.0,5.3,5.4,5.2,5.1,5.2,5.3,5.4,5.6,6.4,7.1,8.1,9.6,10.9,12.2,13.4,15.5,19.9,22.6,25.3,26.6,30.1,36.0,36.5,35.7,35.2,34.6,34.5,34.8,35.1,37.0,44.3,46.5,48.3,48.5,48.9,51.4,51.8,52.9,53.4,54.3,56.1,59.0,65.2,72.6,77.5,77.0,76.5,81.7,89.5,104.7,106.3,106.6,113.5,121.8,126.9,132.0,135.8,137.5,138.9
"14","        Metalworking machinery",1.2,1.3,1.3,1.4,1.4,1.3,1.1,1.0,1.0,1.0,1.0,1.2,1.4,1.4,1.5,1.9,2.4,2.7,3.0,3.0,3.5,3.6,3.9,4.5,4.5,5.5,6.1,6.7,7.5,8.4,9.5,11.3,12.3,12.1,12.6,13.1,13.0,13.4,13.8,14.6,15.8,17.9,20.6,23.2,25.2,27.2,27.9,28.9,31.7,40.6,46.0,50.6,57.3,66.0,78.6,92.4,101.3,105.8,103.4,104.2,110.0,116.1,120.2,124.7,130.4,138.2,141.4,144.3,150.0,158.6,171.9,181.3,190.6,199.3,206.0,213.1,213.5,212.1,212.2,216.5,223.6,227.8,234.2,244.6,237.8,237.0,244.7,253.7,258.7,264.8,269.5,273.9,281.1
"15","        Special industry machinery, n.e.c.",3.7,3.8,3.9,3.9,3.8,3.5,3.0,2.8,3.0,3.0,2.9,3.1,3.3,3.2,3.3,3.5,3.7,3.6,3.5,3.4,3.8,4.4,5.5,6.7,6.8,8.2,9.0,9.1,10.0,10.3,11.4,12.8,13.8,14.1,14.8,15.4,15.7,16.4,17.1,18.0,19.5,21.9,23.8,25.9,28.1,30.3,32.1,33.5,37.1,46.6,52.0,57.2,61.8,69.9,79.1,91.1,99.0,103.8,108.2,112.5,122.1,134.3,146.0,157.2,169.0,184.4,190.2,195.6,202.3,212.8,227.5,239.3,246.5,257.1,264.5,274.8,278.6,279.4,282.6,289.2,293.5,304.9,315.2,319.9,313.7,311.1,320.5,323.3,322.2,325.5,324.1,327.1,335.3
"16","        General industrial, including materials handling, equipment",1.6,1.9,2.0,2.1,2.3,2.2,2.1,2.0,2.0,2.1,2.2,2.5,2.8,2.8,3.0,3.2,3.5,3.5,3.6,3.8,4.5,5.4,6.8,8.4,8.4,9.9,10.5,10.6,11.7,12.1,13.7,15.7,17.3,17.8,18.9,19.4,19.8,20.4,21.3,22.8,25.0,28.0,30.2,32.7,35.7,39.3,41.9,43.6,47.2,57.4,69.1,76.0,86.0,98.2,115.5,135.0,147.2,153.4,155.6,160.9,172.3,186.5,201.8,214.8,225.7,241.1,246.1,252.1,262.4,275.3,292.6,306.3,318.8,334.0,345.0,358.5,367.9,375.9,388.4,411.7,436.9,466.8,496.8,526.6,526.0,534.8,556.5,578.3,589.7,605.6,614.9,627.0,648.4
"17","        Electrical transmission, distribution, and industrial apparatus",1.2,1.2,1.4,1.5,1.5,1.4,1.4,1.2,1.3,1.4,1.4,1.4,1.5,1.5,1.6,1.7,1.9,2.0,2.0,2.1,2.5,3.1,4.1,4.7,5.0,6.3,7.2,7.9,9.4,10.1,11.6,14.2,15.9,17.0,18.1,18.6,19.0,19.7,20.0,21.1,22.4,24.9,27.8,30.1,31.6,34.6,36.1,37.4,40.6,49.5,59.4,64.7,72.1,78.3,87.5,102.0,111.8,119.1,123.4,131.2,138.0,145.5,152.8,162.2,176.0,188.6,194.0,199.1,204.2,213.1,226.1,231.5,238.5,245.8,257.5,271.4,279.4,282.4,289.0,302.4,321.1,351.9,380.3,403.2,415.6,431.8,452.1,463.2,475.0,486.1,486.7,499.1,515.6
"18","      Transportation equipment",14.9,15.5,15.3,15.1,14.8,13.9,12.7,11.3,10.7,10.8,10.7,11.0,11.6,11.6,11.7,12.2,14.5,14.8,15.0,14.2,15.0,17.7,20.9,25.7,27.6,30.7,34.0,35.2,37.3,36.5,39.0,42.3,45.4,46.2,47.3,48.4,48.9,51.0,52.2,54.3,58.4,63.9,69.3,77.4,86.8,92.9,98.9,108.8,120.9,143.1,160.7,179.5,204.1,234.1,270.5,301.3,336.1,349.3,363.4,383.2,400.8,413.8,418.2,441.4,452.7,465.0,477.9,492.6,522.9,566.6,610.3,642.9,669.0,709.1,768.9,819.6,838.6,845.0,854.2,905.2,958.2,1018.4,1057.9,1062.6,996.1,1000.7,1058.2,1129.6,1207.0,1303.4,1409.3,1481.2,1526.3
"19","        Trucks, buses, and truck trailers",1.9,2.1,2.0,2.0,2.0,1.9,1.7,1.5,1.3,1.2,1.3,1.4,1.6,1.7,1.8,1.9,2.2,2.1,1.9,1.8,2.4,3.2,4.3,5.7,6.5,7.3,8.2,8.8,9.0,8.8,9.4,10.3,11.0,11.3,11.9,12.0,12.1,12.9,13.7,14.5,16.0,18.0,19.2,21.3,24.2,25.9,28.6,32.8,37.3,42.1,45.9,51.8,60.0,70.7,81.4,87.0,94.5,99.8,103.3,111.8,121.9,126.9,130.9,138.6,140.7,139.8,137.1,139.3,151.1,172.8,196.9,217.4,239.8,268.8,299.1,315.7,310.9,305.2,303.8,326.5,353.9,386.2,400.6,378.7,339.3,331.8,356.1,385.3,422.9,473.2,539.9,599.1,637.4
"20","          Light trucks (including utility vehicles)",0.7,0.8,0.7,0.7,0.8,0.8,0.8,0.7,0.6,0.6,0.6,0.6,0.7,0.7,0.8,0.8,0.9,0.9,0.8,0.8,1.0,1.4,1.8,2.2,2.5,2.7,3.1,3.3,3.3,3.3,3.5,3.8,4.1,4.2,4.4,4.4,4.5,4.8,5.1,5.3,5.9,6.7,7.1,7.9,8.9,9.5,10.5,12.1,13.7,15.4,16.8,18.9,22.0,25.9,29.8,31.8,34.5,36.4,37.6,40.7,44.4,46.1,47.5,50.2,51.4,51.7,52.1,52.5,57.7,70.9,84.5,103.8,125.6,145.0,165.9,179.0,180.3,177.3,179.4,194.1,210.7,228.9,240.8,219.2,188.6,182.5,198.6,217.8,245.0,281.0,328.0,381.4,414.9
"21","          Other trucks, buses, and truck trailers",1.2,1.3,1.3,1.3,1.2,1.1,0.9,0.8,0.7,0.7,0.7,0.8,0.9,0.9,1.0,1.1,1.2,1.2,1.1,1.0,1.4,1.8,2.6,3.5,4.0,4.6,5.1,5.5,5.6,5.6,5.9,6.5,6.9,7.1,7.5,7.6,7.6,8.1,8.6,9.1,10.1,11.4,12.1,13.4,15.2,16.3,18.1,20.7,23.6,26.6,29.1,32.8,38.1,44.8,51.6,55.2,60.0,63.4,65.7,71.1,77.5,80.7,83.4,88.4,89.3,88.0,85.0,86.8,93.3,102.0,112.4,113.6,114.2,123.8,133.2,136.7,130.6,127.9,124.4,132.4,143.2,157.3,159.8,159.5,150.6,149.4,157.4,167.5,177.9,192.2,211.9,217.7,222.5
"22","        Autos",4.3,4.3,4.2,4.2,4.0,3.6,3.3,2.8,2.7,2.6,2.6,2.7,2.9,2.8,2.8,2.9,4.2,4.0,4.3,3.9,3.1,3.3,4.5,5.5,6.3,7.5,8.4,8.6,9.1,9.0,9.7,10.2,10.6,10.5,10.2,10.2,10.1,10.7,11.0,11.3,12.0,12.7,13.4,15.0,16.4,16.9,17.8,19.1,21.1,24.1,26.3,30.0,35.9,42.7,48.0,50.6,56.4,58.3,65.5,75.5,82.0,88.9,89.3,94.9,95.6,98.5,106.0,112.8,122.9,140.1,147.1,153.6,154.3,154.9,160.8,162.9,161.9,159.9,152.8,151.0,154.8,160.9,165.9,159.3,141.4,141.1,151.0,172.5,187.2,198.5,208.3,207.6,191.0
"23","        Aircraft",0.0,0.0,0.0,0.1,0.1,0.1,0.1,0.1,0.1,0.1,0.1,0.1,0.1,0.1,0.1,0.1,0.2,0.2,0.2,0.2,0.2,0.3,0.5,0.6,0.6,0.7,0.7,0.9,1.0,1.0,1.2,1.5,1.9,2.1,2.7,3.3,3.9,4.6,4.8,5.2,6.2,7.7,9.9,13.0,15.5,17.6,18.2,19.3,21.9,25.2,27.7,31.1,34.6,39.2,48.0,57.5,67.4,73.0,76.1,78.6,81.7,85.9,88.8,95.7,100.9,110.2,119.3,127.0,133.2,135.6,143.3,147.6,150.4,158.3,178.2,205.8,229.8,241.4,253.9,271.9,282.2,292.5,304.6,328.0,318.6,328.6,344.9,356.9,371.2,390.1,403.6,414.5,431.9
"24","        Ships and boats",2.0,2.1,2.1,2.2,2.1,2.0,1.7,1.5,1.6,1.6,1.5,1.6,1.6,1.6,1.6,1.7,1.9,2.0,2.2,2.0,2.5,3.2,3.5,4.4,4.0,4.1,4.4,4.6,5.0,4.9,5.0,5.6,6.0,6.2,6.3,6.6,6.5,6.7,6.6,6.8,6.9,7.2,7.6,8.1,8.9,9.7,10.4,11.4,13.2,16.5,18.5,20.8,23.7,26.6,30.8,34.9,42.3,43.8,45.4,46.0,45.6,45.6,45.0,45.8,46.3,46.2,45.9,45.3,46.2,45.8,45.5,46.4,46.8,47.2,48.0,49.9,50.9,53.4,56.4,58.9,61.7,65.2,68.3,73.6,76.9,79.6,82.3,82.0,85.8,89.5,93.4,94.8,98.4
"25","        Railroad equipment",6.7,7.0,6.9,6.6,6.6,6.3,5.9,5.4,5.0,5.3,5.2,5.2,5.4,5.4,5.4,5.5,6.1,6.6,6.5,6.3,6.8,7.7,8.0,9.4,10.1,11.1,12.2,12.4,13.2,12.7,13.7,14.7,15.9,16.1,16.2,16.4,16.2,16.1,16.1,16.5,17.2,18.2,19.3,20.0,21.8,22.8,23.9,26.2,27.4,35.3,42.4,45.8,49.8,54.9,62.3,71.2,75.5,74.4,73.1,71.3,69.6,66.7,64.3,66.4,69.3,70.3,69.7,68.2,69.5,72.3,77.5,77.9,77.8,79.9,82.9,85.3,85.0,85.1,87.3,96.8,105.5,113.7,118.4,123.0,119.9,119.6,124.0,132.9,139.8,152.1,164.1,165.1,167.6
"26","      Other equipment",5.5,6.0,6.4,6.8,7.2,7.1,6.4,5.9,5.7,5.4,5.2,5.7,6.3,6.3,6.4,6.9,8.0,8.2,8.2,8.4,9.9,12.0,15.5,19.8,21.1,25.2,27.8,29.1,31.0,31.5,34.6,37.3,40.1,41.2,43.2,44.3,44.9,46.1,48.7,51.9,56.1,62.3,67.2,72.8,79.4,86.7,92.6,99.7,113.7,145.1,163.8,181.4,205.4,235.8,275.3,316.6,356.0,369.4,371.3,380.9,393.4,407.6,425.5,449.1,476.4,502.6,508.4,511.7,525.4,547.9,577.0,602.6,630.9,666.7,702.7,741.2,774.1,805.4,843.4,910.9,984.8,1065.0,1134.5,1229.2,1216.9,1242.1,1306.4,1359.4,1409.1,1470.2,1487.2,1499.1,1534.2
"27","        Furniture and fixtures",1.4,1.5,1.7,1.8,1.9,1.8,1.6,1.4,1.5,1.6,1.4,1.6,1.7,1.6,1.6,1.7,1.9,1.9,1.9,1.9,2.1,2.6,3.3,3.7,3.8,4.5,5.0,5.1,5.4,5.7,6.5,7.3,7.9,8.2,8.5,8.8,9.0,9.3,9.8,10.3,11.0,12.1,13.2,14.4,16.0,17.2,18.1,19.7,22.8,27.9,28.8,31.3,35.5,40.7,46.0,52.6,58.7,64.0,69.5,76.8,85.3,93.5,103.1,113.6,124.5,133.4,136.3,141.1,146.9,154.2,163.5,170.4,179.6,189.6,202.6,217.6,228.2,238.1,246.4,264.7,279.8,294.0,303.4,326.5,314.5,310.0,317.5,316.7,317.3,321.8,324.3,328.6,336.9
"28","        Agricultural machinery",1.9,2.0,2.1,2.2,2.3,2.4,2.2,2.2,1.9,1.7,1.7,1.8,2.0,2.1,2.1,2.2,2.5,2.6,2.5,2.7,3.1,3.5,4.2,5.8,6.5,7.9,8.7,9.4,9.9,9.8,10.6,10.6,11.1,11.7,12.2,12.5,12.6,13.0,13.6,14.5,15.7,17.3,18.8,20.1,21.6,23.6,25.1,26.8,31.3,40.7,47.1,53.2,59.3,66.7,79.2,89.0,100.0,102.8,100.4,97.5,93.1,90.9,87.8,88.2,90.6,94.4,95.9,95.1,95.4,97.0,99.3,100.2,102.6,106.0,104.5,103.9,105.1,108.1,113.3,122.4,130.3,137.0,144.3,157.6,163.2,167.7,175.9,188.4,206.4,223.1,227.1,225.1,225.8
"29","        Construction machinery",0.3,0.4,0.4,0.5,0.6,0.6,0.5,0.5,0.4,0.4,0.4,0.4,0.5,0.5,0.5,0.6,0.7,0.7,0.7,0.7,1.0,1.4,1.8,2.5,2.6,3.2,3.5,3.8,4.2,4.2,4.7,5.5,6.0,6.2,6.6,6.8,6.7,6.8,7.3,8.0,9.0,10.1,11.1,12.3,13.5,14.7,15.8,17.3,19.7,26.3,30.8,33.6,39.6,46.7,54.2,60.7,64.7,62.6,59.9,60.0,62.0,65.0,68.3,69.5,73.4,77.3,74.9,73.6,74.2,76.9,80.8,85.9,91.2,98.8,106.0,111.6,114.0,115.5,118.2,126.5,140.9,156.7,168.8,185.2,177.6,187.5,203.5,220.1,223.9,234.9,234.0,234.5,240.1
"30","        Mining and oilfield machinery",0.6,0.6,0.6,0.6,0.7,0.6,0.5,0.5,0.4,0.4,0.4,0.5,0.6,0.6,0.6,0.6,0.8,0.8,0.8,0.8,1.0,1.2,1.3,1.6,1.7,1.9,2.2,2.3,2.5,2.5,2.8,3.1,3.5,3.3,3.4,3.3,3.2,3.2,3.2,3.3,3.5,3.8,3.8,4.0,4.2,4.6,5.0,5.3,5.8,7.9,10.7,13.0,15.9,18.2,21.3,26.3,33.0,33.3,30.2,28.6,26.9,23.6,22.1,20.9,20.1,19.6,18.4,17.0,16.7,16.8,17.1,17.5,18.5,18.9,20.8,22.5,24.9,24.6,25.6,28.5,33.5,42.0,53.4,67.0,70.2,79.1,94.1,114.3,129.2,143.9,143.8,139.7,142.5
"31","        Service industry machinery",0.7,0.7,0.8,0.8,0.9,0.9,0.7,0.6,0.6,0.5,0.5,0.6,0.7,0.7,0.7,0.8,0.9,1.0,1.0,1.1,1.3,1.7,2.5,3.4,3.7,4.3,4.6,4.6,5.0,5.2,5.5,6.2,6.7,6.8,7.1,7.1,7.2,7.3,7.5,7.7,8.2,9.0,9.8,10.6,11.7,12.7,13.6,14.3,15.4,18.4,19.8,21.4,23.2,25.6,29.2,33.6,37.1,39.3,41.3,44.2,47.7,50.8,54.2,59.0,62.3,65.7,67.2,65.7,66.6,69.5,73.6,77.2,79.9,84.0,88.6,93.2,97.8,101.7,105.7,113.0,120.5,129.8,138.5,145.1,145.7,150.1,156.8,161.5,164.8,170.5,176.3,182.9,193.5
"32","        Electrical equipment, n.e.c.",0.1,0.1,0.1,0.1,0.1,0.1,0.1,0.1,0.1,0.1,0.1,0.1,0.2,0.2,0.2,0.2,0.2,0.2,0.3,0.3,0.3,0.4,0.6,0.7,0.7,0.9,1.0,1.0,1.0,1.0,1.0,1.1,1.2,1.1,1.1,1.1,1.1,1.2,1.3,1.4,1.5,1.7,1.7,1.8,1.9,2.1,2.3,2.5,2.8,3.6,3.9,4.5,4.8,5.9,7.0,8.7,10.3,10.8,11.3,12.1,12.9,13.7,14.6,15.7,16.4,16.8,16.3,16.1,15.9,16.0,16.4,16.4,16.7,17.6,18.2,18.9,19.7,20.6,21.9,24.0,25.4,26.9,27.8,28.3,27.1,27.0,27.5,28.3,29.9,31.0,32.1,32.9,34.5
"33","        Other nonresidential equipment",0.5,0.6,0.7,0.8,0.8,0.8,0.7,0.7,0.7,0.6,0.6,0.7,0.7,0.7,0.7,0.8,0.9,0.9,0.9,1.0,1.1,1.2,1.6,2.0,2.1,2.5,2.8,2.8,3.0,3.0,3.4,3.6,3.8,3.9,4.2,4.7,5.0,5.4,6.1,6.6,7.2,8.3,8.8,9.6,10.6,11.7,12.6,13.8,15.9,20.4,22.7,24.6,27.0,31.9,38.4,45.7,52.2,56.7,58.9,61.9,65.5,70.1,75.4,82.3,89.1,95.3,99.3,103.0,109.5,117.6,126.2,135.0,142.4,151.8,162.1,173.5,184.3,196.7,212.3,231.9,254.4,278.6,298.4,319.5,318.6,320.7,331.0,330.0,337.6,345.1,349.5,355.5,360.9
"34","  Residential equipment",0.3,0.3,0.3,0.3,0.4,0.4,0.3,0.3,0.3,0.3,0.3,0.3,0.4,0.4,0.4,0.4,0.5,0.5,0.5,0.5,0.5,0.6,0.9,1.1,1.1,1.4,1.5,1.6,1.8,1.8,1.9,1.9,2.1,2.2,2.5,2.5,2.6,2.6,2.8,2.9,3.0,3.2,3.4,3.8,4.2,4.7,5.2,5.9,6.7,8.2,9.2,10.1,11.2,12.7,14.3,16.3,18.3,19.7,21.0,22.2,23.4,25.3,27.0,29.0,30.5,31.6,31.9,32.6,33.8,35.0,35.6,36.5,36.4,36.8,37.6,39.1,40.3,41.1,41.2,42.9,46.4,49.4,50.6,52.0,49.5,48.1,51.0,52.7,52.7,52.2,53.1,53.7,55.9
"35","Structures",190.1,196.4,200.9,211.8,214.5,203.9,172.9,158.2,167.4,169.2,170.6,189.1,198.0,198.0,200.8,216.9,239.6,257.3,270.9,282.6,300.3,370.9,439.6,469.4,483.7,542.7,589.7,620.8,640.9,667.6,726.1,775.9,809.4,827.3,860.0,884.6,915.3,948.2,974.8,1044.3,1111.6,1198.4,1280.6,1411.6,1528.1,1644.0,1842.5,2044.3,2334.7,2722.7,2939.6,3233.3,3687.1,4219.0,4881.3,5517.9,6068.6,6383.3,6604.0,6993.1,7365.1,7834.2,8312.4,8837.7,9331.4,9726.1,9901.2,10340.2,10908.4,11591.6,12105.5,12715.1,13438.3,14271.0,15203.9,16239.5,17357.4,18393.9,19634.1,21875.4,24415.3,26324.6,27128.7,27600.9,26738.3,27021.2,27641.2,28426.4,30083.3,31762.2,32414.8,33911.2,35319.1
"36","  Nonresidential structures",94.0,96.7,98.5,101.3,100.3,95.0,84.0,78.6,80.5,81.6,81.6,90.4,93.1,91.6,91.0,96.5,108.2,115.9,117.6,119.0,127.9,158.6,189.6,199.9,200.4,224.2,243.6,256.8,263.1,269.1,296.3,324.9,343.3,346.9,358.4,363.0,374.6,387.2,399.5,422.5,450.6,483.7,518.7,568.5,625.2,689.4,770.1,841.9,955.0,1156.4,1246.2,1354.7,1495.1,1689.2,1945.2,2216.6,2526.7,2694.9,2770.2,2943.8,3101.8,3232.5,3415.1,3641.8,3858.7,4055.4,4116.7,4251.0,4458.5,4696.8,4913.2,5136.2,5445.7,5759.2,6063.8,6468.4,6880.7,7212.5,7514.3,8334.0,9311.4,10180.9,10772.1,11557.2,11029.7,11286.3,11799.6,12126.7,12641.7,13248.1,13453.4,13732.6,14222.1
"37","    Commercial and health care",14.6,15.4,16.0,16.8,17.0,16.4,13.8,12.5,13.5,13.6,13.8,15.3,16.4,16.3,15.8,17.6,20.2,20.2,21.0,21.1,21.9,29.3,35.1,36.8,34.2,38.5,43.5,44.8,44.5,44.5,49.5,56.2,59.0,60.6,63.3,65.5,70.2,75.6,80.6,88.2,96.6,106.4,115.5,129.8,146.8,165.4,192.3,219.3,252.6,303.7,324.1,351.0,392.8,446.0,523.0,607.0,683.5,753.0,812.9,895.5,984.2,1079.7,1172.6,1271.0,1370.7,1457.6,1494.5,1554.7,1641.7,1746.9,1827.9,1922.8,2056.9,2219.6,2378.5,2549.1,2709.3,2840.7,2962.8,3281.4,3637.4,3985.1,4224.2,4524.7,4311.2,4300.6,4432.7,4500.2,4633.9,4744.5,4846.4,4965.4,5149.2
"38","      Office 1",5.1,5.4,5.4,5.6,5.8,6.1,5.1,4.7,5.4,5.3,5.4,5.6,6.2,6.2,5.7,6.9,8.3,7.5,7.8,8.1,7.9,10.1,11.9,13.0,11.1,12.3,14.9,15.3,15.1,14.6,16.0,18.9,20.1,21.0,22.1,23.1,24.8,26.8,28.7,31.3,34.3,37.9,41.1,46.3,52.3,58.8,68.2,77.0,87.9,104.9,111.2,119.5,132.7,149.8,175.7,205.9,235.9,267.4,293.5,328.8,368.4,408.7,445.5,484.0,523.5,555.9,569.5,590.5,619.9,655.3,682.8,714.3,775.8,839.8,908.8,977.0,1037.2,1081.0,1117.1,1230.8,1372.3,1507.4,1592.4,1718.6,1647.8,1635.1,1683.1,1690.6,1729.3,1771.2,1815.9,1868.5,1929.4
"39","      Health care",1.5,1.6,1.6,1.7,1.8,1.8,1.5,1.4,1.6,1.6,1.6,1.8,1.9,1.9,1.9,2.1,2.4,2.4,2.5,2.6,2.7,3.7,4.5,4.7,4.5,5.3,6.2,6.6,6.7,6.8,7.6,8.5,9.2,9.5,10.0,10.5,11.4,12.6,13.8,15.6,17.5,19.7,21.6,24.6,28.4,33.0,39.2,45.5,52.9,63.9,69.2,76.2,86.1,97.8,113.7,130.9,146.9,163.2,178.4,195.9,211.5,228.8,246.2,265.6,285.3,303.4,313.5,329.7,351.7,376.9,394.0,413.7,437.6,466.9,497.7,531.6,561.3,587.8,622.4,688.4,766.1,838.8,887.9,917.1,872.4,878.9,903.9,929.4,979.3,1007.4,1025.3,1043.7,1083.9
"40","        Hospitals and special care",0.8,0.9,1.0,1.0,1.1,1.0,0.9,0.8,0.9,0.9,0.9,1.1,1.1,1.1,1.2,1.2,1.4,1.5,1.6,1.6,1.8,2.5,3.0,3.1,3.1,3.8,4.4,4.8,4.9,5.1,5.7,6.2,6.8,7.0,7.4,7.7,8.4,9.4,10.4,11.9,13.4,15.1,16.7,19.1,22.1,25.9,31.0,36.3,42.3,51.4,55.9,61.9,70.2,80.0,92.8,106.4,118.8,131.2,143.2,156.4,167.2,179.7,192.7,207.4,222.3,236.6,245.0,258.7,277.1,298.3,312.1,328.0,348.4,371.2,394.8,421.1,445.2,466.4,493.3,543.6,603.0,660.7,699.9,722.5,688.1,695.2,716.5,737.4,776.9,798.9,813.3,827.4,858.0
"41","          Hospitals",0.7,0.7,0.8,0.8,0.9,0.8,0.7,0.7,0.7,0.7,0.7,0.9,0.9,0.9,0.9,1.0,1.1,1.2,1.3,1.3,1.4,2.0,2.4,2.5,2.5,3.1,3.5,3.8,3.9,4.1,4.6,5.0,5.5,5.6,5.9,6.2,6.8,7.6,8.4,9.6,10.8,12.2,13.4,15.4,17.9,20.9,25.0,29.3,34.1,41.4,45.1,49.9,56.6,64.5,74.8,85.7,95.7,105.8,115.5,126.1,134.8,144.9,155.3,167.2,179.3,190.7,197.5,208.6,223.4,240.7,251.5,263.2,278.6,295.1,312.5,331.9,350.5,367.4,389.6,430.9,480.4,529.0,563.0,583.4,558.0,565.8,584.7,602.7,635.7,653.6,665.5,677.5,703.0
"42","          Special care",0.2,0.2,0.2,0.2,0.2,0.2,0.2,0.2,0.2,0.2,0.2,0.2,0.2,0.2,0.2,0.2,0.3,0.3,0.3,0.3,0.3,0.5,0.6,0.6,0.6,0.7,0.8,0.9,0.9,1.0,1.1,1.2,1.3,1.3,1.4,1.5,1.6,1.8,2.0,2.3,2.6,2.9,3.2,3.7,4.3,5.0,6.0,7.0,8.2,10.0,10.8,12.0,13.6,15.5,18.0,20.6,23.0,25.4,27.8,30.3,32.4,34.8,37.3,40.2,43.1,45.8,47.5,50.1,53.7,57.6,60.5,64.8,69.9,76.0,82.3,89.2,94.7,99.1,103.7,112.7,122.5,131.7,136.9,139.1,130.1,129.3,131.8,134.7,141.2,145.3,147.8,150.0,155.0
"43","        Medical buildings",0.6,0.7,0.7,0.7,0.7,0.8,0.6,0.6,0.7,0.7,0.7,0.7,0.8,0.8,0.7,0.8,1.0,0.9,0.9,1.0,1.0,1.2,1.4,1.6,1.4,1.5,1.8,1.9,1.8,1.8,1.9,2.3,2.4,2.5,2.7,2.8,3.0,3.2,3.5,3.8,4.1,4.6,5.0,5.6,6.3,7.1,8.2,9.2,10.5,12.5,13.3,14.3,15.8,17.9,20.9,24.5,28.1,32.0,35.2,39.5,44.3,49.1,53.6,58.2,62.9,66.8,68.5,71.0,74.5,78.7,81.9,85.7,89.2,95.7,102.9,110.6,116.1,121.4,129.1,144.8,163.1,178.1,188.0,194.5,184.3,183.7,187.4,192.0,202.3,208.5,212.0,216.2,225.9
"44","      Multimerchandise shopping",2.6,2.8,3.0,3.2,3.2,2.9,2.4,2.2,2.2,2.3,2.3,2.7,2.8,2.8,2.8,2.9,3.2,3.5,3.6,3.5,3.8,5.3,6.4,6.5,6.3,7.2,7.7,7.8,7.8,7.9,8.9,10.0,10.3,10.5,10.9,11.2,11.9,12.7,13.5,14.6,15.9,17.4,18.8,21.0,23.6,26.4,30.4,34.8,40.4,48.7,51.9,56.1,62.9,71.8,84.7,98.1,109.1,117.1,124.0,134.8,147.0,160.8,174.8,189.5,203.9,217.1,221.8,229.9,242.8,258.0,268.3,280.9,292.6,312.3,329.0,347.4,367.4,385.4,400.2,445.9,494.7,548.1,591.1,646.7,616.2,616.2,638.2,651.8,669.3,685.2,699.3,714.4,740.7
"45","      Food and beverage establishments",1.4,1.5,1.6,1.7,1.7,1.5,1.3,1.1,1.2,1.2,1.2,1.4,1.5,1.5,1.5,1.6,1.7,1.9,1.9,1.9,2.0,2.8,3.4,3.5,3.4,3.8,4.1,4.2,4.2,4.3,4.8,5.4,5.5,5.6,5.8,6.0,6.4,6.8,7.3,7.9,8.6,9.4,10.1,11.3,12.7,14.2,16.4,18.8,21.8,26.3,28.0,30.3,33.9,38.7,45.7,52.9,58.9,63.2,66.9,72.8,79.3,86.8,94.4,102.3,110.2,117.3,119.9,124.5,131.5,139.4,145.7,152.7,161.1,173.7,182.9,193.6,204.3,213.6,221.9,244.9,267.0,286.6,299.1,319.7,300.9,299.4,308.9,314.3,321.3,326.8,331.4,336.2,345.2
"46","      Warehouses",2.2,2.3,2.3,2.4,2.3,2.1,1.7,1.5,1.6,1.6,1.7,1.9,2.0,2.0,2.0,2.0,2.2,2.4,2.5,2.5,2.7,3.7,4.4,4.5,4.3,4.8,5.1,5.2,5.1,5.1,5.7,6.2,6.4,6.4,6.5,6.6,6.9,7.3,7.7,8.2,8.9,9.6,10.3,11.4,12.7,14.1,16.1,18.3,20.8,25.0,26.5,28.6,31.9,36.3,42.3,48.5,53.9,57.4,60.4,65.6,71.4,78.0,84.7,91.7,99.1,105.5,107.9,112.4,118.8,126.2,135.1,146.6,159.1,175.9,191.3,208.8,228.1,242.4,255.4,284.3,310.9,342.7,366.2,399.2,380.0,379.6,393.0,401.2,412.1,425.3,440.1,460.1,493.0
"47","      Other commercial 2",1.8,2.0,2.1,2.2,2.2,2.0,1.7,1.5,1.6,1.6,1.6,1.9,2.0,2.0,2.0,2.1,2.3,2.5,2.6,2.5,2.7,3.7,4.5,4.7,4.5,5.1,5.5,5.6,5.6,5.7,6.4,7.2,7.5,7.6,7.9,8.2,8.7,9.2,9.8,10.6,11.5,12.6,13.6,15.2,17.1,19.0,21.9,25.0,28.9,34.9,37.2,40.3,45.2,51.6,60.9,70.7,78.8,84.7,89.7,97.7,106.6,116.7,127.0,137.9,148.7,158.4,161.9,167.7,177.0,191.0,202.1,214.6,230.7,251.0,268.8,290.6,311.0,330.6,345.8,387.3,426.4,461.5,487.6,523.4,493.9,491.3,505.5,512.9,522.5,528.6,534.5,542.5,556.9
"48","    Manufacturing",11.3,11.5,11.8,12.2,12.0,10.6,9.1,8.5,9.6,10.1,10.2,11.5,12.0,11.2,11.5,12.5,14.9,16.7,16.0,15.6,18.4,23.3,28.2,28.9,27.9,31.2,34.2,36.0,36.2,36.7,40.5,44.6,47.8,46.6,47.0,47.6,49.5,51.4,53.3,57.0,61.9,69.1,75.1,83.8,93.3,103.7,116.6,126.5,140.8,166.6,177.7,191.1,211.7,241.7,286.2,327.6,366.2,397.7,415.8,439.5,462.5,486.4,509.0,533.3,563.4,592.9,606.9,630.0,655.1,692.2,722.1,756.9,797.2,847.6,884.9,925.1,967.2,984.6,987.3,1054.6,1124.9,1181.9,1241.9,1351.1,1293.9,1296.9,1339.6,1359.8,1419.7,1459.7,1514.9,1547.9,1617.0
"49","    Power and communication",12.5,12.9,13.4,13.8,13.9,14.0,12.8,12.1,12.9,13.3,13.6,14.7,15.1,15.1,15.3,16.3,17.8,19.0,19.1,19.0,21.0,25.4,30.5,34.3,37.3,42.5,46.1,50.3,53.9,56.5,62.8,69.7,75.6,78.4,82.4,84.4,86.1,87.1,89.9,93.3,99.0,103.7,112.6,122.9,135.5,151.6,168.4,182.2,214.8,259.7,288.6,319.8,347.4,388.8,439.6,491.3,534.5,562.4,572.7,591.1,606.0,619.8,653.3,701.1,743.1,763.6,781.3,803.6,845.8,884.1,925.8,951.3,980.8,996.9,1036.8,1096.2,1144.4,1195.3,1251.8,1407.2,1525.8,1651.6,1765.5,1932.6,1919.0,2110.2,2257.2,2334.8,2397.8,2511.1,2542.5,2645.9,2766.7
"50","      Power",10.2,10.4,10.8,11.1,11.1,11.1,10.2,9.6,10.4,10.7,11.0,11.9,12.4,12.4,12.5,13.3,14.5,15.3,15.4,15.2,16.9,20.2,24.3,27.3,30.0,34.4,37.3,41.0,44.2,46.1,51.3,57.1,62.3,64.4,67.4,68.3,69.6,70.2,71.7,74.1,78.0,80.5,87.3,96.3,104.7,117.1,131.3,141.0,165.2,200.9,226.7,249.8,271.3,301.9,335.5,375.9,411.7,434.7,446.8,460.7,469.2,478.9,506.5,540.0,565.2,578.7,591.5,608.6,642.5,667.5,690.4,701.1,723.4,735.0,763.2,802.5,831.3,867.8,905.2,1034.3,1099.8,1170.1,1263.5,1413.3,1389.9,1521.3,1642.9,1723.8,1782.4,1889.2,1917.2,2004.8,2098.2
"51","        Electric",6.4,6.6,6.9,7.2,7.2,7.1,6.4,6.0,6.5,6.7,6.8,7.3,7.6,7.6,7.7,8.2,8.9,9.3,9.4,9.4,9.5,11.0,12.9,14.5,16.1,18.9,20.5,22.6,24.8,26.4,29.5,32.8,35.9,37.9,39.9,40.2,41.0,41.9,43.7,46.3,48.5,49.8,55.3,60.7,65.7,74.5,84.0,91.5,109.1,134.5,152.0,167.8,180.1,201.5,228.7,255.1,277.1,292.7,302.4,313.4,325.4,336.1,356.4,380.9,397.9,407.7,415.5,426.9,448.4,463.6,482.6,490.1,506.4,512.3,530.0,561.6,588.3,612.6,642.1,697.3,739.0,808.7,894.5,984.2,987.7,1076.6,1145.3,1211.0,1257.6,1337.6,1383.3,1452.8,1512.2
"52","        Other power",3.7,3.8,3.9,3.9,3.9,4.0,3.7,3.6,3.9,4.0,4.2,4.6,4.8,4.8,4.8,5.1,5.6,5.9,6.0,5.8,7.5,9.1,11.4,12.8,13.9,15.5,16.9,18.4,19.4,19.7,21.8,24.3,26.4,26.5,27.6,28.0,28.6,28.3,28.0,27.8,29.5,30.7,32.0,35.6,38.9,42.7,47.3,49.5,56.1,66.5,74.8,82.0,91.2,100.4,106.8,120.7,134.6,142.0,144.4,147.2,143.8,142.8,150.0,159.1,167.3,171.0,176.0,181.7,194.1,203.9,207.8,211.0,217.1,222.6,233.3,241.0,243.0,255.2,263.1,337.0,360.8,361.4,369.0,429.1,402.2,444.7,497.7,512.8,524.8,551.6,533.9,552.0,585.9
"53","      Communication",2.4,2.5,2.6,2.8,2.8,2.9,2.6,2.5,2.5,2.6,2.7,2.8,2.7,2.7,2.8,3.0,3.3,3.7,3.7,3.8,4.1,5.2,6.2,7.0,7.3,8.1,8.7,9.3,9.8,10.4,11.5,12.6,13.3,14.0,15.0,16.2,16.5,16.9,18.2,19.2,21.0,23.2,25.3,26.6,30.8,34.5,37.1,41.2,49.6,58.7,61.9,69.9,76.1,86.9,104.1,115.5,122.8,127.7,125.8,130.4,136.8,140.9,146.9,161.1,177.8,184.9,189.8,195.0,203.3,216.6,235.4,250.2,257.4,261.9,273.6,293.6,313.1,327.4,346.6,372.9,426.0,481.5,502.0,519.3,529.1,588.9,614.3,611.0,615.4,621.9,625.3,641.1,668.6
"54","    Mining exploration, shafts, and wells",3.8,4.0,4.2,4.4,4.3,5.2,4.3,5.0,3.8,4.2,3.8,4.7,5.1,5.1,5.0,5.2,5.7,7.1,8.2,9.1,9.0,9.6,11.3,11.9,12.0,14.1,15.9,17.2,17.9,19.0,21.8,24.4,26.1,26.0,28.4,27.8,28.6,29.2,28.9,30.2,31.9,34.5,36.1,38.3,40.7,42.5,45.6,48.8,52.9,72.2,82.7,94.3,116.2,144.4,163.2,197.2,295.5,293.6,251.1,262.7,267.9,235.2,222.6,243.1,245.2,268.7,244.0,242.8,243.6,250.4,270.1,283.3,326.8,335.9,324.0,366.1,443.2,518.5,571.2,709.5,988.2,1167.7,1233.3,1335.2,1178.3,1243.8,1386.6,1492.3,1631.4,1864.3,1802.4,1703.2,1710.9
"55","      Petroleum and natural gas",3.4,3.7,3.9,4.0,4.0,4.9,4.1,4.7,3.6,4.0,3.5,4.4,4.7,4.7,4.7,4.8,5.3,6.6,7.7,8.4,8.4,8.8,10.2,10.9,11.0,13.0,14.6,15.9,16.6,17.6,20.4,22.9,24.5,24.5,26.8,26.2,26.9,27.5,27.0,28.2,29.8,32.2,33.7,35.6,37.7,39.2,41.7,44.4,47.9,66.1,75.8,86.2,106.3,132.7,149.4,180.8,276.0,272.1,228.4,238.5,242.4,208.9,195.8,215.7,217.2,240.2,215.3,213.6,213.3,218.4,237.5,249.9,292.3,300.6,287.9,328.7,404.9,478.9,530.1,663.4,935.4,1105.7,1164.9,1262.6,1108.6,1171.2,1305.4,1401.8,1528.0,1749.7,1680.1,1574.5,1577.8
"56","      Mining",0.3,0.3,0.3,0.4,0.4,0.3,0.3,0.2,0.2,0.3,0.3,0.3,0.3,0.4,0.4,0.4,0.5,0.5,0.6,0.6,0.7,0.9,1.0,1.1,1.0,1.2,1.3,1.3,1.3,1.3,1.4,1.5,1.6,1.5,1.6,1.6,1.7,1.8,1.9,2.0,2.1,2.3,2.4,2.7,3.0,3.4,3.9,4.4,5.0,6.2,6.9,8.1,9.8,11.6,13.8,16.5,19.4,21.5,22.7,24.2,25.5,26.4,26.8,27.4,28.0,28.5,28.6,29.2,30.2,32.0,32.5,33.4,34.5,35.3,36.1,37.4,38.2,39.6,41.1,46.1,52.8,62.0,68.4,72.6,69.7,72.6,81.2,90.5,103.4,114.6,122.3,128.8,133.1
"57","    Other structures",51.9,52.8,53.2,54.1,53.0,48.8,44.0,40.5,40.7,40.4,40.2,44.2,44.6,43.9,43.4,44.9,49.6,53.0,53.4,54.3,57.7,70.9,84.6,87.9,89.0,97.9,103.9,108.5,110.6,112.5,121.6,129.9,134.8,135.3,137.3,137.6,140.2,143.9,146.8,153.9,161.1,170.0,179.5,193.6,208.9,226.1,247.3,265.0,293.9,354.2,373.1,398.5,427.1,468.3,533.0,593.4,647.0,688.2,717.7,755.1,781.3,811.4,857.6,893.3,936.2,972.7,990.0,1019.9,1072.4,1123.2,1167.3,1221.9,1284.1,1359.2,1439.6,1532.0,1616.7,1673.5,1741.2,1881.2,2035.1,2194.5,2307.1,2413.6,2327.3,2334.8,2383.5,2439.6,2558.8,2668.4,2747.2,2870.2,2978.3
"58","      Religious",1.8,1.9,2.0,2.2,2.2,2.0,1.7,1.6,1.7,1.7,1.7,2.0,2.1,2.1,2.2,2.3,2.5,2.8,2.9,2.9,3.1,4.2,5.1,5.3,5.4,6.3,7.0,7.4,7.6,7.9,9.1,10.2,11.1,11.3,12.0,12.6,13.5,14.5,15.4,16.7,18.0,19.6,21.0,23.1,25.1,27.3,30.2,32.7,35.7,41.0,42.5,44.9,48.9,54.1,61.4,68.8,74.4,78.3,81.5,85.9,89.8,95.1,100.5,106.0,112.0,116.7,118.6,122.4,128.3,135.4,140.2,145.8,154.0,163.6,174.7,187.0,198.6,207.8,219.1,240.7,265.4,285.9,296.8,299.8,278.7,275.8,278.0,283.9,299.2,312.4,318.1,332.4,340.1
"59","      Educational and vocational",0.8,0.9,1.0,1.1,1.2,1.1,1.0,0.9,1.0,1.0,1.0,1.2,1.3,1.3,1.3,1.4,1.6,1.8,1.9,1.9,2.0,2.8,3.5,3.7,3.8,4.5,5.0,5.3,5.5,5.9,6.7,7.5,8.1,8.1,8.5,8.8,9.3,10.0,10.6,11.5,12.4,13.7,14.9,16.8,18.7,20.5,23.1,25.5,28.2,32.4,33.5,35.3,38.3,42.1,47.5,53.4,57.9,61.4,64.2,67.8,71.1,75.8,81.8,86.9,92.5,97.9,101.3,107.0,113.5,122.7,129.0,137.8,150.5,165.1,178.7,194.6,212.2,228.8,243.5,272.0,299.3,338.7,364.7,414.1,419.5,430.8,457.2,470.4,493.8,509.3,525.4,534.9,560.3
"60","      Lodging",1.4,1.6,1.7,1.8,1.8,1.7,1.4,1.3,1.3,1.4,1.4,1.6,1.7,1.7,1.7,1.8,2.0,2.2,2.2,2.2,2.4,3.3,3.9,4.0,4.0,4.5,4.8,5.0,4.9,5.0,5.4,5.9,6.0,6.4,6.7,7.1,7.7,8.3,9.1,10.5,12.0,13.5,14.8,16.6,18.6,20.8,23.3,26.3,30.3,36.1,37.4,39.1,42.2,45.6,52.3,60.0,67.6,73.1,78.4,86.4,94.5,103.6,112.9,121.0,130.8,141.2,145.7,148.9,155.2,163.0,171.5,184.6,201.7,221.6,244.8,268.7,288.5,299.9,312.9,343.7,379.1,415.2,450.8,482.4,464.6,460.4,463.1,474.6,505.8,537.7,562.8,609.1,644.6
"61","      Amusement and recreation",2.3,2.5,2.7,2.9,2.9,2.7,2.3,2.1,2.2,2.2,2.2,2.6,2.7,2.7,2.8,2.9,3.2,3.5,3.5,3.5,3.8,5.2,6.2,6.3,6.2,7.0,7.5,7.7,7.6,7.7,8.4,9.2,9.3,9.9,10.3,10.7,11.3,12.1,12.8,13.9,15.2,16.8,18.3,19.7,21.3,23.4,25.8,27.9,30.8,36.1,37.8,39.9,43.6,47.9,54.8,62.0,68.1,72.8,76.2,82.2,88.8,95.6,103.0,110.6,118.0,124.7,128.8,134.2,142.1,151.8,159.9,168.2,179.2,190.7,204.6,217.7,228.2,235.4,245.0,267.1,291.5,312.9,325.6,329.9,306.6,301.9,304.3,310.4,327.9,344.0,354.3,377.1,393.7
"62","      Transportion",35.8,36.1,36.2,36.6,35.8,33.0,30.6,28.8,27.8,27.1,26.7,29.5,29.3,28.9,29.0,29.8,32.4,33.8,32.7,33.3,34.9,41.0,48.5,50.5,52.3,55.9,58.1,60.9,63.0,64.0,68.1,71.6,73.8,73.7,73.6,71.8,70.6,69.9,68.7,69.1,69.4,69.9,71.5,74.8,78.5,82.7,87.5,90.5,99.7,125.8,133.5,144.0,148.1,159.6,178.9,192.2,206.9,221.4,231.7,239.1,236.7,232.5,242.1,244.4,250.2,251.9,252.3,258.3,274.6,279.2,285.7,296.5,299.6,307.6,312.9,323.1,336.9,342.5,351.3,357.5,367.2,378.3,389.2,400.9,400.2,408.2,415.4,424.3,434.2,444.5,457.0,468.5,479.5
"63","        Air",0.0,0.0,0.0,0.0,0.1,0.1,0.1,0.1,0.1,0.1,0.1,0.1,0.1,0.1,0.1,0.1,0.2,0.2,0.2,0.2,0.2,0.3,0.4,0.4,0.4,0.4,0.5,0.5,0.5,0.6,0.6,0.7,0.7,0.8,0.8,0.9,1.0,1.1,1.1,1.3,1.4,1.6,1.7,1.9,2.0,2.3,2.5,2.7,3.0,3.5,3.7,3.9,4.3,4.8,5.5,6.2,6.8,7.3,7.7,8.3,8.9,9.6,10.3,11.2,11.9,12.6,13.0,13.5,14.3,15.3,16.1,17.1,18.3,19.7,21.4,23.8,26.3,27.7,29.0,31.7,34.6,37.0,38.2,38.3,35.2,34.4,34.6,35.7,38.0,40.2,41.4,44.7,48.8
"64","        Land 3",35.8,36.1,36.2,36.5,35.7,33.0,30.6,28.7,27.7,27.0,26.6,29.4,29.2,28.8,28.9,29.6,32.3,33.6,32.5,33.1,34.7,40.8,48.2,50.2,51.9,55.4,57.6,60.4,62.4,63.4,67.5,70.9,73.1,72.9,72.8,70.9,69.6,68.9,67.5,67.8,68.0,68.3,69.8,72.9,76.4,80.4,85.0,87.8,96.7,122.3,129.8,140.1,143.8,154.8,173.4,186.0,200.1,214.1,224.0,230.8,227.8,222.9,231.8,233.3,238.3,239.3,239.3,244.8,260.3,263.9,269.6,279.4,281.3,287.9,291.6,299.3,310.6,314.8,322.3,325.8,332.5,341.3,351.1,362.6,365.0,373.8,380.8,388.6,396.2,404.3,415.6,423.7,430.7
"65","      Farm",7.4,7.3,7.2,7.2,6.9,6.0,5.0,4.2,4.9,5.2,5.1,5.2,5.2,5.0,4.4,4.5,5.5,6.7,7.7,8.1,8.9,11.3,13.7,14.3,14.1,16.1,17.5,18.3,18.2,18.3,19.9,21.3,22.0,21.3,21.9,22.2,23.1,24.2,25.2,26.9,28.4,30.4,32.3,35.4,38.5,42.0,46.9,50.9,56.4,66.4,70.8,76.8,86.0,97.5,112.9,127.4,138.2,144.8,148.8,154.4,157.2,161.6,166.1,170.2,174.2,177.1,176.1,177.7,183.1,190.1,193.0,197.2,203.4,210.8,219.0,229.4,237.4,242.5,249.6,268.9,292.5,311.3,319.3,321.8,298.2,294.3,296.5,304.9,325.4,345.5,355.4,373.6,385.0
"66","      Other 4",2.4,2.4,2.4,2.3,2.3,2.2,1.9,1.7,1.9,1.9,2.0,2.1,2.1,2.1,2.1,2.1,2.3,2.4,2.4,2.4,2.6,3.1,3.6,3.7,3.3,3.7,3.9,4.0,3.9,3.7,4.0,4.3,4.5,4.5,4.4,4.5,4.6,4.9,5.1,5.3,5.7,6.1,6.7,7.3,8.2,9.4,10.4,11.3,12.8,16.3,17.6,18.5,20.0,21.6,25.1,29.6,33.9,36.4,36.8,39.2,43.3,47.1,51.2,54.1,58.5,63.3,67.3,71.3,75.7,81.1,88.0,91.9,95.7,99.8,104.8,111.5,115.0,116.5,119.8,131.4,140.2,152.1,160.7,164.6,159.5,163.3,168.9,171.0,172.5,175.0,174.1,174.7,175.1
"67","  Residential structures",96.1,99.7,102.3,110.4,114.2,108.8,88.9,79.6,86.9,87.6,88.9,98.7,104.9,106.4,109.8,120.4,131.4,141.3,153.3,163.6,172.3,212.3,250.0,269.5,283.3,318.5,346.1,364.0,377.8,398.5,429.9,451.0,466.1,480.4,501.6,521.6,540.7,560.9,575.4,621.7,661.0,714.6,761.9,843.1,902.9,954.6,1072.3,1202.4,1379.7,1566.3,1693.4,1878.6,2192.0,2529.8,2936.2,3301.2,3541.9,3688.3,3833.8,4049.3,4263.3,4601.7,4897.3,5196.0,5472.7,5670.7,5784.4,6089.3,6449.9,6894.8,7192.3,7578.9,7992.6,8511.8,9140.1,9771.1,10476.6,11181.3,12119.8,13541.4,15103.9,16143.7,16356.7,16043.7,15708.5,15734.9,15841.7,16299.7,17441.6,18514.2,18961.4,20178.6,21096.9
"68","    Housing units",87.4,90.7,93.0,100.4,103.9,98.9,80.8,72.4,79.1,79.6,80.6,89.4,94.8,96.2,99.2,108.8,118.7,127.7,138.6,148.0,155.7,190.5,222.9,238.7,249.7,280.0,303.1,317.3,327.9,344.6,370.6,387.2,398.5,408.5,424.1,438.3,452.1,467.0,475.4,514.5,546.8,589.6,626.6,692.4,735.7,772.5,870.1,980.4,1128.4,1273.0,1372.5,1517.3,1777.0,2048.6,2377.2,2664.4,2844.0,2957.8,3066.8,3233.4,3397.9,3669.8,3895.5,4117.6,4323.3,4463.7,4533.0,4766.1,5064.1,5426.5,5640.7,5929.4,6253.5,6655.7,7132.8,7605.9,8157.1,8694.6,9401.1,10489.9,11683.3,12488.4,12570.9,12281.1,11970.2,11914.7,11929.1,12262.8,13158.0,14045.8,14410.5,15330.5,15947.5
"69","      Permanent site",87.4,90.7,93.0,100.4,103.9,98.9,80.8,72.4,79.1,79.6,80.6,89.4,94.8,96.2,99.2,108.8,118.7,127.7,138.6,148.0,155.7,190.5,222.6,238.3,249.2,279.3,302.3,316.4,326.8,343.4,369.1,385.3,396.2,406.0,421.3,435.2,448.8,463.9,472.0,510.3,542.1,584.2,620.2,684.6,725.2,760.1,855.4,962.4,1105.6,1244.0,1341.4,1481.8,1736.1,2001.7,2322.5,2604.5,2779.6,2890.8,2996.1,3159.3,3321.2,3589.8,3812.0,4028.8,4229.7,4367.0,4434.8,4664.8,4953.6,5302.6,5506.4,5785.5,6100.8,6492.5,6958.8,7426.8,7973.6,8508.9,9208.7,10274.4,11466.1,12263.6,12344.3,12045.5,11740.1,11681.6,11693.4,12025.5,12918.1,13804.4,14169.4,15089.3,15705.7
"70","        1 to 4 unit",81.0,83.5,84.9,91.1,94.0,89.4,73.1,65.5,71.5,72.1,73.0,81.0,85.9,87.2,89.9,98.8,107.8,116.0,125.7,134.2,141.2,172.9,202.4,216.9,227.0,255.0,276.8,290.5,300.8,316.8,341.6,357.4,368.0,376.2,389.4,401.3,412.3,423.6,427.4,458.1,484.0,519.6,549.9,603.9,635.3,661.4,737.7,821.9,934.7,1047.1,1129.9,1254.9,1470.9,1706.6,1988.6,2229.2,2366.6,2437.4,2516.4,2648.1,2770.3,2987.3,3185.0,3381.2,3580.4,3708.0,3761.2,3970.5,4257.1,4598.2,4785.2,5031.9,5290.4,5615.7,6046.4,6471.6,6973.9,7451.9,8114.0,9092.0,10142.5,10819.5,10821.9,10473.7,10143.8,10091.6,10130.0,10415.3,11274.3,12002.4,12191.7,12983.7,13451.5
"71","      5-or more-unit",6.4,7.2,8.1,9.2,9.9,9.5,7.7,6.9,7.5,7.5,7.6,8.4,8.9,9.0,9.3,10.1,10.8,11.7,12.9,13.7,14.5,17.5,20.3,21.4,22.2,24.3,25.5,25.9,26.0,26.6,27.5,27.9,28.2,29.8,31.9,33.9,36.5,40.3,44.6,52.2,58.0,64.6,70.3,80.7,89.9,98.7,117.6,140.5,170.9,196.9,211.5,226.8,265.2,295.0,333.9,375.3,412.9,453.4,479.7,511.3,550.9,602.6,627.0,647.6,649.3,659.0,673.5,694.3,696.5,704.4,721.2,753.6,810.4,876.9,912.5,955.2,999.7,1057.0,1094.7,1182.3,1323.5,1444.2,1522.3,1571.8,1596.3,1590.0,1563.5,1610.2,1643.9,1802.0,1977.7,2105.6,2254.3
"72","      Manufactured homes",0.0,0.0,0.0,0.0,0.0,0.0,0.0,0.0,0.0,0.0,0.0,0.0,0.0,0.0,0.0,0.0,0.0,0.0,0.0,0.0,0.0,0.1,0.2,0.4,0.5,0.6,0.8,0.9,1.1,1.2,1.5,1.9,2.2,2.6,2.8,3.2,3.3,3.2,3.4,4.2,4.8,5.4,6.4,7.8,10.5,12.4,14.7,18.0,22.8,28.9,31.2,35.5,40.8,47.0,54.7,59.9,64.5,67.0,70.8,74.0,76.8,79.9,83.5,88.9,93.6,96.8,98.2,101.3,110.5,123.9,134.4,143.9,152.8,163.1,174.0,179.1,183.5,185.7,192.4,215.6,217.2,224.7,226.6,235.6,230.0,233.2,235.6,237.3,239.9,241.4,241.1,241.2,241.8
"73","    Brokers' commissions and other ownership transfer costs 5",1.0,1.1,1.2,1.2,1.1,1.0,0.7,0.5,0.5,0.5,0.5,0.4,0.3,0.2,0.1,0.0,0.0,-0.1,-0.3,-0.3,-0.4,-0.4,-0.6,-0.7,-0.9,-1.0,-1.1,-1.1,-1.0,-0.9,-0.7,-0.6,-0.6,-0.5,-0.1,0.1,0.2,0.6,1.0,1.6,2.1,2.5,2.8,3.6,4.3,5.1,6.9,9.3,11.9,14.3,16.7,21.0,27.7,36.4,44.3,46.6,45.4,39.7,40.9,45.2,51.9,62.6,72.8,80.4,84.6,82.1,80.7,85.5,91.8,98.0,101.5,106.9,117.4,138.1,162.6,187.3,207.9,239.2,283.1,344.2,416.6,436.3,419.3,346.6,303.8,261.1,225.8,223.5,243.8,243.6,250.0,260.7,282.1
"74","    Improvements",6.7,6.8,7.0,7.6,7.9,7.7,6.3,5.7,6.3,6.5,6.8,7.8,8.5,8.8,9.2,10.2,11.3,12.2,13.3,14.3,15.3,20.0,25.2,29.0,31.9,36.8,41.2,44.8,47.9,51.7,56.8,61.1,64.9,69.0,74.1,79.5,84.5,89.0,94.3,100.4,106.2,115.9,125.3,139.0,154.5,168.4,186.0,202.7,228.5,267.2,291.6,327.0,372.6,428.5,496.6,570.7,632.2,670.3,705.4,749.5,791.9,846.9,905.5,973.6,1039.6,1099.0,1145.3,1211.5,1266.7,1341.9,1421.3,1513.1,1591.3,1686.4,1810.8,1942.2,2073.4,2207.1,2392.0,2659.2,2951.6,3163.9,3310.7,3359.8,3378.8,3503.3,3629.8,3753.2,3972.4,4151.4,4224.7,4504.0,4779.0
"75","    Other residential 6",1.0,1.1,1.2,1.3,1.3,1.3,1.1,1.0,1.0,1.0,1.1,1.2,1.2,1.2,1.3,1.4,1.5,1.6,1.7,1.8,1.8,2.2,2.5,2.6,2.6,2.8,2.9,2.9,3.0,3.1,3.2,3.3,3.3,3.3,3.5,3.7,3.9,4.4,4.6,5.3,5.9,6.7,7.2,8.0,8.4,8.7,9.4,10.0,10.9,11.8,12.5,13.3,14.8,16.3,18.1,19.6,20.3,20.5,20.7,21.1,21.5,22.5,23.5,24.3,25.3,25.8,25.5,26.2,27.3,28.5,28.8,29.5,30.4,31.7,33.8,35.7,38.3,40.5,43.6,48.0,52.4,55.2,55.8,56.2,55.7,55.8,57.0,60.2,67.4,73.4,76.3,83.4,88.4
"76","Intellectual property products",1.9,2.0,2.1,2.3,2.5,2.5,2.5,2.4,2.4,2.6,2.8,3.1,3.4,3.7,4.0,4.3,5.1,6.0,6.8,7.5,8.1,9.1,10.6,11.3,11.7,12.8,13.6,14.6,16.2,17.7,19.6,22.1,24.4,26.4,29.0,31.1,33.7,35.9,38.9,41.9,45.8,50.5,56.3,62.8,70.5,77.5,82.5,88.7,98.4,111.9,121.5,132.9,145.8,163.2,186.8,213.8,244.9,274.1,304.1,338.5,372.6,406.4,448.7,516.1,567.4,621.4,675.6,726.4,773.4,830.7,893.2,957.2,1042.8,1135.8,1265.0,1398.7,1461.4,1512.5,1594.9,1667.2,1777.3,1883.6,2023.2,2128.2,2193.2,2288.9,2405.8,2514.4,2666.5,2785.1,2885.5,3030.9,3218.4
"77","  Nonresidential intellectual property products",1.9,2.0,2.1,2.3,2.5,2.5,2.5,2.4,2.4,2.6,2.8,3.1,3.4,3.7,4.0,4.3,5.1,6.0,6.8,7.5,8.1,9.1,10.6,11.3,11.7,12.8,13.6,14.6,16.2,17.7,19.6,22.1,24.4,26.4,29.0,31.1,33.7,35.9,38.9,41.9,45.8,50.5,56.3,62.8,70.5,77.5,82.5,88.7,98.4,111.9,121.5,132.9,145.8,163.2,186.8,213.8,244.9,274.1,304.1,338.5,372.6,406.4,448.7,516.1,567.4,621.4,675.6,726.4,773.4,830.7,893.2,957.2,1042.8,1135.8,1265.0,1398.7,1461.4,1512.5,1594.9,1667.2,1777.3,1883.6,2023.2,2128.2,2193.2,2288.9,2405.8,2514.4,2666.5,2785.1,2885.5,3030.9,3218.4
"78","      Software",0.0,0.0,0.0,0.0,0.0,0.0,0.0,0.0,0.0,0.0,0.0,0.0,0.0,0.0,0.0,0.0,0.0,0.0,0.0,0.0,0.0,0.0,0.0,0.0,0.0,0.0,0.0,0.0,0.0,0.0,0.0,0.0,0.0,0.0,0.0,0.1,0.2,0.3,0.6,0.8,1.1,1.5,2.0,2.4,3.2,4.0,4.6,5.3,6.3,7.8,9.2,10.4,11.4,12.9,15.7,18.9,23.0,26.9,30.7,36.5,42.3,47.6,54.5,61.4,70.5,82.2,88.1,94.4,104.5,112.5,122.4,132.8,153.6,180.6,221.4,264.1,283.0,287.3,288.8,303.0,323.8,347.0,374.2,407.6,418.7,433.7,465.7,499.4,530.7,558.7,583.3,609.4,644.4
"79","        Prepackaged 7",0.0,0.0,0.0,0.0,0.0,0.0,0.0,0.0,0.0,0.0,0.0,0.0,0.0,0.0,0.0,0.0,0.0,0.0,0.0,0.0,0.0,0.0,0.0,0.0,0.0,0.0,0.0,0.0,0.0,0.0,0.0,0.0,0.0,0.0,0.0,0.0,0.0,0.0,0.0,0.0,0.0,0.0,0.0,0.1,0.1,0.2,0.2,0.3,0.3,0.4,0.5,0.5,0.5,0.6,0.9,1.2,1.7,2.0,2.6,3.8,4.8,5.6,6.4,7.6,9.8,13.6,14.7,17.2,20.3,22.4,25.3,29.0,35.8,46.3,56.6,66.9,69.8,74.4,75.5,81.9,89.6,95.1,98.9,106.2,105.6,102.9,110.3,119.7,130.7,139.6,150.5,161.8,176.4
"80","        Custom",0.0,0.0,0.0,0.0,0.0,0.0,0.0,0.0,0.0,0.0,0.0,0.0,0.0,0.0,0.0,0.0,0.0,0.0,0.0,0.0,0.0,0.0,0.0,0.0,0.0,0.0,0.0,0.0,0.0,0.0,0.0,0.0,0.0,0.0,0.0,0.0,0.0,0.1,0.1,0.1,0.1,0.1,0.2,0.3,0.6,0.9,1.3,1.7,2.2,2.9,3.5,4.0,4.4,5.0,6.0,7.3,9.1,10.4,11.7,13.6,15.4,17.5,19.9,23.0,26.0,29.7,32.5,35.5,39.4,44.1,50.5,58.7,70.3,85.1,103.7,124.8,135.5,135.3,134.7,138.5,147.6,160.8,177.4,196.7,205.3,220.7,241.2,261.2,276.5,290.7,298.8,307.6,321.6
"81","        Own account",0.0,0.0,0.0,0.0,0.0,0.0,0.0,0.0,0.0,0.0,0.0,0.0,0.0,0.0,0.0,0.0,0.0,0.0,0.0,0.0,0.0,0.0,0.0,0.0,0.0,0.0,0.0,0.0,0.0,0.0,0.0,0.0,0.0,0.0,0.0,0.1,0.2,0.3,0.5,0.7,1.0,1.4,1.8,2.0,2.5,2.9,3.0,3.4,3.8,4.5,5.2,5.9,6.4,7.2,8.8,10.5,12.2,14.4,16.3,19.1,22.0,24.5,28.1,30.9,34.7,38.8,40.9,41.7,44.9,45.9,46.7,45.1,47.4,49.2,61.0,72.4,77.7,77.7,78.6,82.6,86.6,91.2,97.9,104.8,107.8,110.1,114.1,118.5,123.5,128.4,134.0,139.9,146.3
"82","      Research and development 8,9",0.5,0.5,0.6,0.6,0.7,0.7,0.7,0.7,0.7,0.8,0.9,1.0,1.1,1.1,1.2,1.4,1.9,2.4,2.7,2.7,2.8,3.2,3.8,4.2,4.3,4.9,5.5,6.2,7.3,8.2,9.4,11.2,12.6,14.0,15.5,16.9,18.3,19.8,21.3,23.0,24.9,27.4,30.4,34.2,38.7,42.8,46.4,50.5,58.2,67.3,73.2,80.2,88.2,99.3,114.8,133.6,154.2,173.0,192.1,211.2,231.3,250.4,275.1,326.6,356.2,385.8,423.4,459.6,486.3,523.4,559.7,597.6,648.1,703.2,770.4,842.0,875.3,906.4,970.3,1013.4,1083.9,1143.0,1238.7,1304.1,1355.1,1428.2,1506.5,1574.9,1686.4,1768.0,1825.6,1932.4,2069.8
"83","        Business",0.4,0.5,0.5,0.5,0.6,0.6,0.6,0.6,0.6,0.7,0.8,0.9,0.9,1.0,1.1,1.2,1.7,2.2,2.5,2.5,2.5,2.9,3.5,3.9,4.0,4.6,5.1,5.8,6.9,7.8,9.0,10.7,12.1,13.4,14.8,16.1,17.4,18.7,20.2,21.6,23.4,25.7,28.4,32.0,36.2,40.0,43.3,47.1,54.3,62.8,68.2,74.6,81.9,92.0,106.2,123.5,142.6,160.1,178.0,196.0,215.2,233.0,255.7,303.1,330.1,357.6,392.8,426.6,451.3,485.9,520.2,556.2,604.4,656.5,720.5,789.2,821.7,850.8,910.2,950.1,1016.7,1072.9,1164.1,1225.3,1271.1,1336.9,1408.4,1469.7,1572.3,1648.8,1702.7,1803.2,1933.9
"84","          Manufacturing",0.4,0.4,0.4,0.5,0.5,0.5,0.5,0.5,0.5,0.6,0.7,0.8,0.8,0.9,1.0,1.1,1.6,2.0,2.2,2.3,2.3,2.7,3.2,3.6,3.7,4.3,4.7,5.4,6.4,7.2,8.3,10.0,11.4,12.8,14.2,15.6,16.9,18.3,19.7,21.2,23.0,25.2,27.9,31.4,35.5,39.2,42.5,46.1,53.1,61.5,66.7,72.6,79.3,88.3,101.0,116.3,132.6,147.1,161.4,175.3,189.7,202.5,219.6,255.7,272.8,287.9,306.7,325.1,335.7,357.6,381.8,409.1,444.3,481.5,522.0,564.8,585.9,601.9,641.9,673.5,723.9,767.1,836.7,881.2,915.9,965.0,1011.8,1055.4,1126.7,1178.1,1208.8,1273.2,1348.8
"85","            Pharmaceutical and medicine manufacturing",0.0,0.0,0.0,0.0,0.0,0.0,0.0,0.0,0.0,0.0,0.0,0.0,0.0,0.0,0.0,0.0,0.1,0.1,0.1,0.1,0.1,0.1,0.1,0.1,0.1,0.2,0.2,0.2,0.2,0.3,0.3,0.4,0.5,0.5,0.7,0.7,0.8,1.0,1.1,1.2,1.3,1.4,1.6,1.9,2.2,2.6,2.9,3.4,4.0,4.9,5.6,6.5,7.3,8.4,9.9,11.6,13.5,15.4,17.5,19.5,21.3,23.2,26.7,33.2,37.8,42.7,48.9,55.7,62.6,71.4,81.0,91.1,103.5,118.4,135.6,154.3,166.9,183.0,205.8,226.8,253.4,277.6,317.1,347.5,370.5,402.4,426.5,448.8,481.2,504.8,521.7,551.3,589.5
"86","            Chemical manufacturing, excluding pharmaceutical and medicine",0.0,0.0,0.0,0.0,0.0,0.1,0.1,0.1,0.1,0.1,0.1,0.1,0.1,0.1,0.1,0.1,0.2,0.3,0.3,0.3,0.3,0.4,0.5,0.6,0.6,0.7,0.8,0.9,1.1,1.2,1.4,1.7,2.0,2.3,2.6,2.9,3.1,3.4,3.7,4.1,4.4,4.8,5.2,5.7,6.2,6.8,7.2,7.7,8.7,10.0,10.8,11.7,12.6,13.7,15.4,17.3,19.2,20.7,22.0,23.1,24.0,24.7,25.9,29.7,31.2,33.0,35.1,36.7,37.9,39.5,40.4,41.5,42.3,44.5,46.7,48.5,48.2,47.1,48.6,49.2,51.0,51.9,54.4,57.3,58.5,61.0,63.2,64.2,66.5,68.0,68.6,69.0,68.9
"87","            Semiconductor and other electronic component manufacturing",0.0,0.0,0.0,0.0,0.0,0.0,0.0,0.0,0.0,0.0,0.0,0.0,0.0,0.0,0.0,0.0,0.0,0.0,0.0,0.0,0.0,0.0,0.0,0.0,0.0,0.0,0.0,0.0,0.0,0.0,0.1,0.1,0.1,0.1,0.1,0.1,0.1,0.1,0.2,0.2,0.2,0.2,0.3,0.3,0.4,0.4,0.5,0.6,0.7,0.9,1.0,1.1,1.2,1.4,1.9,2.7,3.3,3.9,4.8,5.9,7.1,8.5,10.7,13.5,14.9,16.1,17.3,18.6,19.4,21.2,23.3,26.2,30.6,35.0,39.4,43.8,47.8,49.9,53.8,57.9,63.1,66.0,69.8,74.2,76.7,81.7,87.8,95.2,106.0,113.6,116.2,121.8,130.0
"88","            Other computer and electronic product manufacturing",0.1,0.1,0.1,0.1,0.1,0.1,0.1,0.1,0.1,0.1,0.1,0.1,0.1,0.1,0.1,0.1,0.1,0.1,0.1,0.1,0.1,0.1,0.1,0.2,0.1,0.2,0.2,0.2,0.3,0.2,0.3,0.3,0.6,0.8,1.1,1.3,1.6,1.9,2.1,2.4,2.7,3.1,3.4,3.9,4.6,5.1,5.7,6.2,7.2,8.3,8.9,9.5,10.2,11.2,12.6,14.4,16.2,17.6,19.0,20.3,21.6,22.6,24.1,27.5,28.4,29.2,30.2,31.6,32.4,34.9,38.2,42.9,50.0,57.1,63.0,73.4,83.1,81.7,81.6,80.2,81.2,85.4,91.2,95.8,96.9,99.4,102.5,103.6,106.0,111.1,113.7,121.5,129.0
"89","            Motor vehicles, bodies and trailers, and parts manufacturing",0.0,0.0,0.0,0.0,0.0,0.0,0.0,0.0,0.0,0.0,0.0,0.0,0.0,0.1,0.1,0.1,0.1,0.2,0.2,0.2,0.2,0.3,0.4,0.5,0.5,0.5,0.6,0.7,0.9,1.1,1.2,1.4,1.4,1.5,1.7,1.8,1.9,2.0,2.1,2.2,2.4,2.6,2.7,3.0,3.4,3.7,4.0,4.5,5.4,6.3,6.6,7.1,8.0,9.3,10.7,12.3,13.4,13.9,14.6,15.4,16.5,18.2,19.8,23.2,25.1,26.1,27.4,28.6,30.5,33.7,37.0,40.2,42.4,43.8,46.5,47.9,46.8,46.5,48.5,49.3,51.2,51.9,52.8,49.4,45.6,43.5,43.6,45.7,49.1,52.1,53.7,58.9,63.6
"90","            Aerospace products and parts manufacturing",0.0,0.0,0.0,0.0,0.0,0.0,0.0,0.0,0.0,0.0,0.0,0.0,0.0,0.0,0.0,0.1,0.1,0.2,0.2,0.2,0.2,0.2,0.2,0.2,0.2,0.2,0.3,0.3,0.3,0.3,0.4,0.6,0.7,0.9,1.0,1.1,1.3,1.4,1.5,1.6,1.9,2.2,2.8,3.4,4.1,4.5,4.6,4.7,5.1,5.7,5.9,6.3,6.9,7.7,9.0,10.7,12.6,14.5,16.4,18.6,20.9,23.2,25.8,29.9,31.1,31.4,31.8,32.8,32.6,32.9,32.7,32.7,33.1,33.5,34.3,34.4,33.5,34.1,35.8,38.3,42.5,45.8,50.9,53.4,56.3,55.9,53.7,51.1,53.1,53.7,54.6,58.9,61.5
"91","            Other manufacturing",0.2,0.3,0.3,0.3,0.3,0.3,0.3,0.3,0.3,0.4,0.5,0.5,0.6,0.6,0.6,0.7,0.9,1.2,1.3,1.4,1.4,1.6,1.9,2.1,2.1,2.4,2.7,3.0,3.6,4.1,4.7,5.5,6.1,6.6,7.1,7.7,8.1,8.5,9.0,9.5,10.1,10.9,11.8,13.1,14.7,16.2,17.6,19.1,21.9,25.4,27.9,30.4,33.1,36.6,41.5,47.4,54.5,61.1,67.2,72.7,78.2,82.1,86.7,98.8,104.4,109.6,115.9,121.1,120.4,124.1,129.1,134.4,142.4,149.1,156.5,162.6,159.6,159.7,167.8,171.8,181.6,188.6,200.5,203.6,211.3,221.1,234.6,246.8,264.8,274.9,280.4,291.9,306.2
"92","          Nonmanufacturing",0.1,0.1,0.1,0.1,0.1,0.1,0.1,0.1,0.1,0.1,0.1,0.1,0.1,0.1,0.1,0.1,0.2,0.2,0.2,0.2,0.2,0.2,0.3,0.3,0.3,0.4,0.4,0.4,0.5,0.6,0.6,0.7,0.7,0.6,0.6,0.5,0.5,0.5,0.5,0.4,0.5,0.5,0.5,0.6,0.7,0.8,0.9,1.0,1.2,1.3,1.6,2.0,2.7,3.7,5.2,7.3,9.9,13.0,16.5,20.7,25.5,30.5,36.1,47.4,57.3,69.7,86.1,101.5,115.6,128.2,138.4,147.2,160.1,175.0,198.5,224.4,235.8,248.9,268.4,276.6,292.8,305.8,327.4,344.1,355.2,371.9,396.6,414.3,445.6,470.7,493.9,530.1,585.1
"93","            Scientific research and development services",0.0,0.0,0.0,0.0,0.0,0.0,0.0,0.0,0.0,0.0,0.0,0.0,0.0,0.0,0.0,0.0,0.0,0.0,0.0,0.0,0.0,0.0,0.0,0.0,0.0,0.0,0.0,0.0,0.0,0.0,0.0,0.0,0.0,0.0,0.0,0.0,0.0,0.0,0.0,0.0,0.0,0.0,0.0,0.0,0.0,0.0,0.0,0.0,0.0,0.0,0.0,0.0,0.0,0.0,0.0,0.0,0.0,0.0,0.0,0.0,0.0,0.0,0.4,0.9,1.6,2.8,4.5,6.1,7.5,9.0,10.4,12.3,14.7,18.0,21.7,26.4,30.1,30.1,30.8,31.8,33.7,35.2,38.3,42.0,45.3,47.6,50.2,52.1,52.9,52.1,52.7,53.2,54.9
"94","            All other nonmanufacturing",0.1,0.1,0.1,0.1,0.1,0.1,0.1,0.1,0.1,0.1,0.1,0.1,0.1,0.1,0.1,0.1,0.2,0.2,0.2,0.2,0.2,0.2,0.3,0.3,0.3,0.4,0.4,0.4,0.5,0.6,0.6,0.7,0.7,0.6,0.6,0.5,0.5,0.5,0.5,0.4,0.5,0.5,0.5,0.6,0.7,0.8,0.9,1.0,1.2,1.3,1.6,2.0,2.7,3.7,5.2,7.3,9.9,13.0,16.5,20.7,25.5,30.5,35.7,46.4,55.7,66.9,81.7,95.4,108.1,119.3,128.0,134.9,145.3,157.1,176.8,198.0,205.7,218.8,237.6,244.8,259.1,270.6,289.1,302.1,309.9,324.3,346.4,362.2,392.7,418.6,441.2,476.9,530.2
"95","        Nonprofit institutions serving households (NPISHs)",0.1,0.1,0.1,0.1,0.1,0.1,0.1,0.1,0.1,0.1,0.1,0.1,0.1,0.1,0.1,0.1,0.2,0.2,0.2,0.2,0.3,0.3,0.3,0.3,0.3,0.3,0.4,0.4,0.4,0.4,0.5,0.5,0.6,0.6,0.7,0.8,0.9,1.0,1.2,1.3,1.5,1.7,2.0,2.2,2.5,2.8,3.1,3.4,3.9,4.5,5.0,5.6,6.3,7.3,8.6,10.0,11.6,12.9,14.1,15.1,16.1,17.4,19.4,23.6,26.0,28.2,30.6,33.0,34.9,37.5,39.5,41.4,43.7,46.7,49.9,52.7,53.6,55.6,60.0,63.3,67.2,70.0,74.6,78.8,84.1,91.2,98.2,105.2,114.1,119.2,122.9,129.1,135.9
"96","          Universities and colleges 10",0.1,0.1,0.1,0.1,0.1,0.1,0.1,0.1,0.1,0.1,0.1,0.1,0.1,0.1,0.1,0.1,0.1,0.1,0.1,0.1,0.1,0.2,0.2,0.1,0.1,0.1,0.1,0.1,0.1,0.1,0.1,0.1,0.1,0.1,0.1,0.1,0.1,0.1,0.1,0.1,0.2,0.2,0.2,0.3,0.3,0.3,0.4,0.4,0.4,0.5,0.5,0.5,0.6,0.7,0.8,0.9,1.0,1.2,1.3,1.4,1.5,1.6,1.8,2.1,2.4,2.6,2.9,3.1,3.3,3.6,3.8,4.0,4.3,4.5,4.7,5.1,5.4,5.8,6.3,6.8,7.4,8.1,9.1,10.0,10.8,11.9,13.1,14.3,16.1,17.7,19.5,21.8,24.3
"97","          Other nonprofit institutions",0.0,0.0,0.0,0.0,0.0,0.0,0.0,0.0,0.0,0.0,0.0,0.0,0.0,0.0,0.0,0.1,0.1,0.1,0.1,0.1,0.1,0.1,0.2,0.2,0.2,0.2,0.2,0.3,0.3,0.3,0.4,0.4,0.5,0.5,0.6,0.7,0.8,0.9,1.0,1.2,1.4,1.5,1.7,2.0,2.2,2.5,2.7,3.0,3.4,4.0,4.5,5.1,5.7,6.6,7.8,9.1,10.6,11.7,12.9,13.7,14.6,15.8,17.6,21.4,23.7,25.6,27.7,29.9,31.6,33.9,35.7,37.3,39.5,42.2,45.2,47.6,48.2,49.8,53.7,56.4,59.8,61.9,65.4,68.8,73.2,79.3,85.1,91.0,98.0,101.5,103.5,107.3,111.6
"98","    Entertainment, literary, and artistic originals",1.4,1.5,1.5,1.6,1.8,1.8,1.8,1.7,1.7,1.8,1.9,2.1,2.4,2.6,2.7,2.9,3.3,3.6,4.2,4.8,5.3,5.9,6.8,7.1,7.3,7.9,8.1,8.4,9.0,9.5,10.1,10.9,11.8,12.4,13.5,14.1,15.1,15.8,17.0,18.1,19.8,21.5,23.9,26.1,28.7,30.7,31.5,32.8,34.0,36.8,39.1,42.3,46.3,51.0,56.3,61.3,67.8,74.2,81.3,90.8,99.0,108.4,119.1,128.1,140.7,153.4,164.1,172.5,182.6,194.9,211.1,226.8,241.0,252.0,273.2,292.6,303.1,318.8,335.8,350.8,369.6,393.6,410.3,416.5,419.4,427.1,433.6,440.2,449.4,458.4,476.6,489.1,504.2
"99","      Theatrical movies",0.6,0.6,0.6,0.7,0.8,0.9,0.9,0.9,0.9,1.0,1.2,1.4,1.6,1.8,1.9,2.0,2.3,2.6,3.0,3.5,3.9,4.3,4.9,5.1,5.2,5.6,5.6,5.6,5.8,5.9,6.1,6.2,6.3,6.3,6.8,6.8,7.2,7.4,7.9,8.3,9.0,9.5,10.4,11.3,12.2,12.7,12.6,12.6,12.8,13.4,13.4,14.2,14.8,15.7,17.3,18.3,20.0,21.9,24.0,26.9,28.8,31.6,35.3,38.2,43.0,46.8,51.1,53.0,56.9,60.9,67.1,74.4,80.1,84.2,92.4,101.0,105.7,112.0,118.8,124.4,131.2,141.3,145.7,148.7,149.5,152.8,155.0,155.4,156.5,155.8,159.9,161.8,164.9
"100","      Long-lived television programs",0.0,0.0,0.0,0.0,0.0,0.0,0.0,0.0,0.0,0.0,0.0,0.0,0.0,0.0,0.0,0.0,0.0,0.0,0.0,0.0,0.0,0.0,0.0,0.0,0.0,0.1,0.2,0.4,0.6,0.8,1.1,1.5,1.9,2.2,2.7,3.1,3.5,3.8,4.2,4.7,5.2,6.0,6.7,7.2,7.9,8.5,8.7,9.0,9.5,10.6,11.1,12.2,13.7,15.8,18.0,19.4,21.9,24.5,27.8,32.0,35.6,39.6,43.6,46.6,50.8,54.9,57.8,60.2,62.7,65.7,70.4,75.1,79.3,81.3,89.4,95.0,97.3,102.7,109.1,113.9,122.3,132.7,133.1,137.2,140.9,146.3,152.5,160.4,167.0,175.9,187.3,197.1,207.4
"101","      Books",0.5,0.5,0.5,0.6,0.6,0.6,0.6,0.5,0.5,0.5,0.5,0.5,0.6,0.6,0.6,0.6,0.7,0.7,0.8,0.8,0.9,1.0,1.1,1.2,1.3,1.3,1.4,1.5,1.5,1.5,1.6,1.7,1.9,2.0,2.1,2.2,2.3,2.4,2.5,2.7,3.0,3.2,3.6,4.0,4.4,4.9,5.2,5.7,5.9,6.5,7.5,8.3,9.3,10.2,11.3,12.8,14.3,15.8,17.2,18.7,20.2,21.4,22.8,24.8,26.7,29.1,30.5,32.6,34.0,36.6,39.3,40.9,42.8,45.3,47.1,49.7,51.6,54.2,56.7,59.8,62.7,65.4,77.5,76.6,75.4,75.5,75.3,74.9,77.0,78.8,80.6,81.0,81.1
"102","      Music",0.1,0.1,0.1,0.1,0.1,0.1,0.1,0.1,0.1,0.1,0.0,0.1,0.1,0.1,0.1,0.1,0.1,0.1,0.1,0.1,0.2,0.3,0.3,0.3,0.3,0.3,0.4,0.4,0.4,0.4,0.5,0.6,0.7,0.8,0.8,0.9,1.0,1.0,1.1,1.0,1.1,1.2,1.4,1.7,2.2,2.5,2.7,3.1,3.3,3.5,3.9,4.1,4.8,5.1,5.2,5.8,6.0,5.8,5.5,5.9,6.5,7.2,8.1,8.7,9.6,11.0,12.1,13.4,14.6,16.3,17.6,18.5,19.9,21.4,23.3,24.9,25.5,25.9,26.4,27.2,27.3,27.2,25.2,25.1,24.9,24.3,23.0,21.8,21.0,20.0,20.4,20.7,21.8
"103","      Other",0.2,0.2,0.2,0.2,0.2,0.2,0.2,0.2,0.2,0.2,0.2,0.2,0.2,0.2,0.2,0.2,0.2,0.2,0.3,0.3,0.3,0.4,0.4,0.5,0.5,0.6,0.6,0.7,0.7,0.8,0.8,0.9,1.0,1.0,1.1,1.1,1.2,1.3,1.3,1.4,1.5,1.6,1.7,1.8,2.0,2.1,2.3,2.4,2.5,2.9,3.2,3.4,3.7,4.1,4.5,5.1,5.6,6.2,6.7,7.2,7.9,8.6,9.3,9.9,10.7,11.8,12.6,13.4,14.4,15.4,16.7,18.0,18.9,19.8,20.9,22.0,23.1,24.1,24.9,25.6,26.1,27.0,28.9,28.9,28.8,28.2,27.8,27.6,27.9,28.0,28.4,28.5,29.1
"Legend / Footnotes:"
"1. Consists of office buildings, except those constructed at manufacturing sites and those constructed by power utilities for their own use.  Includes all financial buildings."
"2. Includes buildings and structures used by the retail, wholesale and selected service industries.  Consists of auto dealerships, garages, service stations, drug stores, restaurants, mobile structures, and other structures used for commercial purposes.  Bus or truck garages are included in transportation."
"3. Consists primarily of railroads."
"4. Includes water supply, sewage and waste disposal, public safety, highway and street, and conservation and development."
"5. Consists of brokers' commissions on the sale of residential structures and underlying land, title insurance, state and local documentary stamp taxes, attorney fees, title abstract and escrow fees, and fees for surveys and engineering services. Ownership transfer costs include both acquisition costs, such as brokers' commissions paid by buyers, and disposal costs, such as brokers' commissions paid by sellers. The depreciation of acquision costs begins at the time of ownership transfer. The depreciation of disposal costs begins at the time of the initial purchase and before the eventual sale (disposal) of the dwelling by the purchaser. Because the depreciation of expected disposal costs begins before the eventual sale of the dwelling by the purchaser, the current-cost net stock of disposal costs and total ownership transfer costs may be negative in some years. The average ages of ownership transfer costs are not shown in the tables but are included in the estimates of average ages of relevant aggregates, suc"
"6. Consists primarily of dormitories and of fraternity and sorority houses."
"7. Excludes software ""embedded"" or bundled in computers and other equipment."
"8. Research and development (R&amp;D) asset types are defined by the type of funder."
"9. R&amp;D net stock excludes software development, which is included in software net stock on line 78."
"10. Includes private universities and colleges.  Public universities and colleges are included in state and local government fixed assets."
"n.e.c. Not elsewhere classified"
