"Table 1.13. National Income by Sector, Legal Form of Organization, and Type of Income"
"[Billions of dollars]" 
"Bureau of Economic Analysis" 
"Last Revised on: July 31, 2018"
"Line","","1948","1949","1950","1951","1952","1953","1954","1955","1956","1957","1958","1959","1960","1961","1962","1963","1964","1965","1966","1967","1968","1969","1970","1971","1972","1973","1974","1975","1976","1977","1978","1979","1980","1981","1982","1983","1984","1985","1986","1987","1988","1989","1990","1991","1992","1993","1994","1995","1996","1997","1998","1999","2000","2001","2002","2003","2004","2005","2006","2007","2008","2009","2010","2011","2012","2013","2014","2015","2016","2017"
"","","","","","","","","","","","","","","","","","","","","","","","","","","","","","","","","","","","","","","","","","","","","","","","","","","","","","","","","","","","","","","","","","","","","","","",""
"1","            National income",244.8,239.7,266.6,307.6,326.1,343.8,343.8,376.9,400.1,418.5,420.8,458.8,478.9,496.0,533.9,565.4,607.0,658.8,718.1,758.4,830.2,897.2,937.5,1014.0,1119.5,1253.2,1346.4,1446.0,1609.4,1792.8,2022.7,2240.3,2418.6,2714.7,2834.5,3051.5,3433.9,3669.9,3831.2,4098.5,4471.6,4760.1,5013.8,5164.4,5475.2,5730.3,6114.6,6452.3,6870.6,7349.9,7825.7,8290.4,8872.6,9144.2,9396.4,9811.2,10492.2,11198.7,11948.8,12290.4,12325.8,12027.2,12735.8,13357.7,14094.7,14494.7,15245.5,15783.0,16058.9,16756.1
"2","Domestic business",211.9,203.6,227.3,258.5,270.7,285.4,282.7,311.6,330.1,343.3,340.1,373.4,386.4,397.0,427.1,451.3,484.4,527.0,572.6,599.2,654.2,704.7,726.3,780.8,865.1,976.2,1044.9,1118.5,1254.9,1409.3,1602.8,1773.8,1899.9,2140.5,2201.5,2370.7,2700.4,2892.3,3007.5,3212.4,3501.6,3709.5,3864.0,3940.9,4176.4,4366.2,4692.5,4960.7,5318.4,5733.6,6127.6,6480.9,6937.7,7078.5,7205.0,7495.7,8045.9,8645.2,9309.6,9482.1,9295.9,8893.5,9487.4,10013.2,10699.8,11029.2,11675.8,12100.3,12277.1,12828.2
"3","    Corporate business",134.6,130.6,148.8,170.7,178.9,191.9,188.5,213.5,228.0,237.1,230.4,259.8,271.4,279.2,305.1,324.9,351.6,386.6,424.2,446.1,492.1,534.9,550.3,593.3,659.5,738.2,793.5,852.0,962.3,1092.1,1247.6,1380.9,1490.1,1689.9,1745.9,1886.5,2131.5,2274.4,2356.7,2523.6,2742.5,2892.8,3012.5,3074.8,3247.6,3401.2,3661.8,3882.9,4142.8,4471.8,4758.4,5032.5,5376.0,5313.4,5379.0,5583.0,5975.3,6431.4,6889.5,6991.8,6837.7,6540.1,6960.9,7302.9,7790.3,8027.9,8521.3,8887.0,9026.5,9384.4
"4","        Compensation of employees",91.1,88.8,98.7,114.6,123.0,134.0,132.2,144.6,158.2,166.5,164.0,180.3,190.7,195.6,211.0,222.7,239.2,259.9,288.5,308.4,340.2,377.5,398.0,421.7,468.2,526.1,577.3,607.8,682.8,771.7,884.7,1004.4,1102.0,1220.6,1275.1,1353.0,1501.1,1615.9,1723.4,1847.6,2002.3,2119.3,2234.9,2277.8,2420.5,2515.7,2649.0,2787.9,2953.7,3176.6,3447.5,3684.3,4008.9,4013.8,3972.7,4040.9,4240.2,4443.0,4681.2,4894.2,4940.3,4607.5,4700.8,4928.0,5182.7,5352.4,5641.2,5939.9,6093.3,6408.5
"5","            Wages and salaries",86.9,84.4,93.0,107.5,115.5,125.8,123.6,134.8,147.0,154.0,151.4,165.6,174.5,178.7,191.8,201.9,216.8,235.2,259.2,277.1,305.4,338.0,356.0,376.2,414.8,464.6,508.9,528.4,591.2,662.7,756.2,855.6,935.6,1033.4,1073.1,1132.6,1256.8,1351.4,1432.3,1536.6,1666.1,1756.5,1849.3,1875.3,1977.8,2049.1,2160.3,2296.1,2448.2,2650.8,2883.2,3092.4,3363.8,3352.3,3295.4,3335.7,3502.1,3663.8,3883.9,4069.6,4106.4,3813.9,3896.8,4095.9,4323.3,4460.3,4719.1,4977.0,5118.1,5379.7
"6","            Supplements to wages and salaries",4.2,4.4,5.7,7.0,7.5,8.2,8.6,9.8,11.2,12.5,12.6,14.6,16.2,16.9,19.2,20.8,22.4,24.7,29.3,31.4,34.8,39.4,42.0,45.5,53.4,61.5,68.4,79.4,91.6,109.0,128.5,148.8,166.4,187.1,202.0,220.3,244.3,264.5,291.1,311.1,336.3,362.8,385.7,402.5,442.7,466.7,488.7,491.8,505.5,525.7,564.3,591.9,645.1,661.5,677.3,705.2,738.1,779.2,797.3,824.6,834.0,793.5,804.0,832.1,859.4,892.2,922.1,962.9,975.3,1028.8
"7","        Corporate profits with IVA and CCAdj",30.1,27.9,34.8,39.5,37.8,38.5,37.5,47.8,46.8,46.0,41.3,52.8,51.5,52.6,60.3,66.4,73.2,84.6,91.6,89.1,96.1,91.8,79.1,92.8,107.7,118.5,108.2,124.2,157.8,186.7,215.7,214.4,188.1,217.8,197.3,244.7,301.3,316.4,284.9,318.0,357.5,347.2,341.6,376.1,404.1,447.6,546.8,613.3,687.5,762.2,705.7,713.2,640.9,589.9,754.9,897.3,1094.2,1262.9,1406.5,1195.4,895.7,1038.0,1343.0,1397.2,1592.1,1611.9,1714.0,1654.7,1628.5,1650.4
"8","        Net interest and miscellaneous payments",0.0,0.0,-0.1,-0.2,-0.2,0.0,0.2,0.1,0.0,0.2,0.6,-0.2,-0.2,0.4,0.8,0.4,0.8,1.2,2.3,4.0,4.3,8.5,12.5,12.6,12.4,14.7,23.1,27.2,22.7,27.7,30.6,36.3,59.4,82.8,95.5,91.9,106.6,102.2,99.5,99.7,104.4,125.2,117.4,79.3,63.2,62.3,57.7,60.2,59.4,81.7,121.6,127.2,174.0,155.4,92.3,70.0,16.9,50.3,98.9,156.5,220.8,141.4,132.0,151.0,210.2,202.4,241.3,320.9,297.2,300.5
"9","        Taxes on production and imports less subsidies plus business current transfer payments",13.3,13.9,15.5,16.9,18.4,19.4,18.7,20.9,22.9,24.4,24.6,26.9,29.3,30.6,33.1,35.5,38.3,41.0,41.8,44.5,51.6,57.2,60.7,66.2,71.2,78.9,84.9,92.7,99.0,106.0,116.6,125.8,140.6,168.7,177.9,196.9,222.5,239.9,248.9,258.3,278.4,301.2,318.5,341.6,359.9,375.5,408.3,421.6,442.2,451.3,483.6,507.9,552.2,554.2,559.1,574.8,624.0,675.2,702.8,745.7,781.0,753.2,785.2,826.7,805.4,861.2,924.9,971.5,1007.5,1024.9
"10","    Noncorporate business",77.3,73.0,78.5,87.8,91.8,93.5,94.2,98.1,102.1,106.2,109.6,113.6,115.0,117.8,122.0,126.3,132.9,140.4,148.4,153.1,162.1,169.8,176.0,187.5,205.6,237.9,251.4,266.5,292.6,317.2,355.2,392.9,409.7,450.6,455.6,484.2,568.9,617.9,650.8,688.8,759.1,816.6,851.5,866.1,928.8,965.1,1030.7,1077.8,1175.6,1261.9,1369.2,1448.3,1561.7,1765.1,1826.0,1912.8,2070.6,2213.8,2420.2,2490.3,2458.2,2353.4,2526.5,2710.3,2909.5,3001.3,3154.5,3213.3,3250.7,3443.8
"11","        Compensation of employees",27.3,27.2,29.1,32.5,34.8,36.4,36.3,37.7,39.7,41.2,41.7,43.9,44.3,44.3,45.6,47.1,49.8,51.6,55.1,56.6,59.9,62.9,66.2,68.4,72.1,80.5,87.4,93.7,101.5,108.8,119.9,133.4,145.2,157.2,165.1,174.3,190.8,205.4,215.1,224.2,237.1,253.0,271.5,279.4,295.5,309.3,325.6,341.4,359.0,381.5,411.1,438.3,475.9,582.5,615.8,670.7,751.6,822.8,914.7,1003.8,1025.0,979.6,991.8,1028.7,1077.8,1113.7,1168.6,1227.6,1263.1,1320.6
"12","            Wages and salaries",26.3,26.1,27.8,30.9,33.1,34.6,34.4,35.6,37.5,38.7,39.1,40.9,41.1,40.9,42.0,43.2,45.7,47.4,50.3,51.7,54.5,57.1,59.7,61.0,63.8,71.0,76.8,81.7,88.0,93.9,104.7,116.5,126.9,137.0,143.9,150.8,164.4,176.5,184.5,193.8,201.4,212.6,226.8,231.9,244.1,255.3,270.2,284.1,299.9,320.2,345.0,367.7,399.0,486.1,512.2,554.6,618.9,678.4,759.3,837.0,851.9,807.3,819.0,850.6,893.8,916.7,964.6,1017.8,1049.1,1097.5
"13","            Supplements to wages and salaries",1.1,1.2,1.4,1.6,1.7,1.8,1.9,2.1,2.2,2.5,2.6,3.0,3.2,3.4,3.6,3.9,4.1,4.2,4.8,4.9,5.4,5.8,6.5,7.5,8.3,9.5,10.6,11.9,13.5,14.9,15.2,16.9,18.3,20.1,21.2,23.4,26.3,28.9,30.6,30.4,35.7,40.4,44.8,47.4,51.4,54.1,55.4,57.2,59.1,61.3,66.2,70.6,76.9,96.3,103.6,116.2,132.7,144.4,155.4,166.7,173.1,172.2,172.8,178.0,184.0,197.0,204.0,209.9,214.0,223.2
"14","        Proprietors' income with IVA and CCAdj",39.3,34.7,37.5,42.6,43.0,42.0,42.3,44.3,45.8,47.8,50.2,50.3,50.6,53.2,55.2,56.4,59.1,63.7,67.9,69.5,73.8,77.0,77.8,83.9,95.1,112.5,112.2,118.2,131.0,144.5,166.0,179.4,171.6,179.7,171.2,186.3,228.2,241.1,256.5,286.5,325.5,341.1,353.2,354.2,400.2,428.0,456.6,481.2,543.8,584.0,640.2,696.4,753.9,831.0,869.8,896.9,962.0,978.0,1049.6,994.0,960.9,938.5,1108.7,1229.3,1347.3,1403.6,1447.6,1421.9,1419.3,1500.9
"15","        Rental income of persons with CCAdj",4.5,4.4,4.8,5.1,5.2,5.3,5.4,5.4,5.5,5.4,5.6,5.5,5.5,5.5,5.6,5.8,5.8,5.9,6.0,5.9,6.0,5.9,6.2,6.2,7.3,8.5,8.2,8.3,8.2,8.7,9.3,10.2,13.0,17.6,21.0,22.4,25.0,29.4,26.7,25.4,25.0,23.8,27.1,31.6,39.3,45.8,49.5,53.9,57.1,59.1,60.5,59.7,59.1,63.6,60.4,61.8,64.0,69.0,72.4,81.5,104.9,105.5,121.2,146.0,155.3,160.3,184.4,192.5,200.9,199.6
"16","        Net interest",1.1,1.3,1.5,1.8,1.9,2.1,2.2,2.5,2.7,3.1,3.4,3.7,3.9,4.3,4.7,5.3,6.1,6.8,7.7,8.2,9.0,10.2,11.8,13.5,15.5,19.2,23.0,25.9,28.3,31.8,35.6,43.3,52.0,63.8,72.8,77.3,94.3,105.6,114.9,113.4,124.9,144.5,143.0,136.8,122.6,115.5,120.1,117.6,121.3,130.2,143.2,138.1,156.6,162.6,137.7,133.3,133.6,179.9,207.4,234.2,201.2,163.6,131.7,129.9,137.7,134.3,148.8,156.2,145.6,186.1
"17","        Taxes on production and imports less subsidies plus business current transfer payments1",5.0,5.4,5.5,5.9,6.8,7.7,7.9,8.3,8.4,8.7,8.7,9.6,10.2,10.1,10.5,10.9,11.2,11.5,11.3,12.6,12.9,13.6,15.1,16.9,16.7,19.2,22.9,24.4,26.0,26.4,26.8,29.3,32.4,37.1,28.9,25.9,31.5,34.5,35.0,36.6,41.0,46.9,53.0,56.0,60.7,55.0,66.2,67.2,76.7,89.1,97.4,99.0,104.8,119.7,134.8,144.9,159.3,168.7,183.1,190.9,184.4,182.3,193.1,195.9,206.8,205.3,216.1,220.9,224.1,241.5
"18","        Current surplus of government enterprises1","---","---","---","---","---","---","---","---","---","---","---",0.5,0.5,0.3,0.4,0.8,0.9,0.8,0.4,0.3,0.5,0.2,-1.0,-1.5,-0.9,-2.0,-2.4,-4.1,-2.4,-3.0,-2.4,-2.7,-4.5,-4.7,-3.4,-1.9,-0.9,1.9,2.5,2.7,5.6,7.3,3.7,8.2,10.4,11.4,12.7,16.5,17.8,18.1,16.9,16.8,11.5,5.7,7.6,5.1,0.1,-4.5,-7.0,-14.2,-18.2,-16.1,-20.1,-19.4,-15.4,-15.9,-11.0,-5.8,-2.3,-4.9
"19","        Sole proprietorships and partnerships","---","---","---","---","---","---","---","---","---","---","---",96.6,97.1,99.1,102.3,104.8,110.2,116.5,123.5,127.0,133.7,139.8,144.0,153.2,167.3,196.1,206.6,218.7,240.1,261.1,294.2,327.1,336.7,366.7,363.4,384.0,457.4,491.6,518.9,550.7,609.6,658.7,685.9,687.2,738.3,772.2,831.0,869.7,960.7,1039.1,1138.9,1211.1,1317.7,1513.9,1568.3,1652.8,1800.9,1934.6,2129.0,2186.9,2126.8,2022.8,2187.6,2348.7,2534.3,2618.6,2734.7,2768.7,2789.1,2976.6
"20","            Compensation of employees",24.0,23.6,25.3,28.2,29.9,31.4,31.2,32.2,34.1,35.2,35.2,37.1,37.0,36.5,37.2,38.1,40.1,41.3,43.9,44.5,46.4,48.1,49.2,49.6,51.6,58.1,62.3,65.8,71.6,76.8,85.0,95.1,102.2,109.0,114.5,120.0,132.1,142.1,149.6,155.9,164.0,175.2,186.9,191.3,201.8,214.3,226.4,239.5,253.6,271.6,294.7,315.7,343.8,442.0,468.0,519.2,590.7,657.6,743.5,826.7,844.8,801.2,814.3,850.9,901.0,933.5,983.4,1034.1,1067.2,1119.6
"21","                Wages and salaries",23.3,22.8,24.3,27.0,28.6,30.1,29.8,30.7,32.4,33.4,33.4,34.9,34.6,34.1,34.7,35.3,37.3,38.4,40.5,41.1,42.7,44.2,45.1,45.3,46.8,52.4,56.1,59.0,63.7,68.0,76.2,85.2,91.8,97.9,103.0,107.3,117.4,126.2,132.1,138.5,142.6,150.9,160.6,163.2,171.9,182.0,193.8,205.4,218.2,235.0,254.6,273.2,297.3,379.6,400.2,440.7,499.5,556.4,632.8,706.3,719.0,676.4,689.7,721.9,765.8,787.9,832.4,879.6,909.5,954.0
"22","                Supplements to wages and salaries",0.8,0.8,1.0,1.2,1.2,1.3,1.4,1.5,1.6,1.8,1.8,2.1,2.3,2.4,2.6,2.8,2.8,2.9,3.4,3.4,3.7,3.9,4.1,4.3,4.8,5.6,6.2,6.8,7.9,8.8,8.8,9.9,10.5,11.0,11.5,12.7,14.7,16.0,17.4,17.4,21.3,24.3,26.3,28.1,29.9,32.4,32.6,34.1,35.4,36.6,40.1,42.5,46.5,62.4,67.8,78.5,91.1,101.2,110.7,120.4,125.7,124.8,124.5,129.0,135.2,145.7,151.1,154.5,157.7,165.6
"23","            Proprietors' income with IVA and CCAdj",39.3,34.7,37.5,42.6,43.1,42.1,42.3,44.3,45.9,47.8,50.2,50.0,50.2,52.8,54.8,56.0,58.7,63.2,67.5,69.0,73.4,76.6,77.4,83.4,94.5,111.9,111.7,117.7,130.4,143.9,165.3,178.8,171.0,179.1,170.5,185.3,227.0,240.0,255.5,284.8,323.7,339.2,351.6,352.4,398.3,426.1,454.3,478.8,541.7,581.6,638.5,695.5,753.1,830.5,868.5,895.7,959.8,975.7,1046.8,990.7,957.0,934.1,1104.1,1224.4,1341.7,1397.8,1441.2,1415.7,1413.5,1495.5
"24","                Farm",16.7,12.0,12.9,15.3,14.3,12.2,11.7,10.7,10.6,10.6,12.4,10.0,10.6,11.2,11.2,11.0,9.8,12.0,13.0,11.6,11.7,12.8,12.9,13.4,17.0,29.1,23.5,22.0,17.2,16.0,19.9,22.2,11.7,19.0,13.3,6.2,20.9,21.0,22.8,28.9,26.8,33.0,32.2,26.8,34.8,31.4,34.7,22.0,37.3,32.4,28.5,28.1,31.5,32.1,19.9,36.5,51.5,46.8,33.1,40.3,40.2,28.1,39.0,64.9,60.9,88.3,70.1,56.4,37.5,38.9
"25","                Nonfarm",22.6,22.7,24.7,27.3,28.8,29.9,30.5,33.6,35.3,37.3,37.8,40.0,39.6,41.6,43.6,44.9,48.9,51.2,54.4,57.4,61.7,63.7,64.5,70.0,77.5,82.8,88.2,95.7,113.2,127.9,145.4,156.6,159.3,160.1,157.2,179.1,206.1,219.1,232.7,255.9,296.9,306.2,319.5,325.6,363.5,394.7,419.6,456.8,504.3,549.2,610.1,667.3,721.7,798.4,848.6,859.2,908.2,928.9,1013.7,950.4,916.7,906.1,1065.1,1159.5,1280.8,1309.5,1371.2,1359.3,1376.0,1456.6
"26","            Net interest",0.5,0.5,0.6,0.7,0.8,0.8,0.8,0.9,1.0,1.1,1.2,1.3,1.4,1.5,1.7,2.0,2.4,2.9,3.4,3.7,4.2,5.0,6.0,7.1,8.3,11.1,13.8,15.2,16.8,18.9,21.6,27.7,34.3,44.0,50.9,54.0,68.5,76.7,82.0,78.1,87.0,103.4,100.4,93.6,83.6,80.9,87.4,85.4,90.2,99.2,112.3,106.3,123.0,129.0,104.4,101.3,101.0,144.4,168.7,191.8,154.8,118.2,89.4,89.1,97.7,95.6,108.6,113.1,98.9,136.1
"27","            Taxes on production and imports less subsidies plus business current transfer payments","---","---","---","---","---","---","---","---","---","---","---",8.2,8.6,8.3,8.5,8.8,9.0,9.1,8.8,9.8,9.8,10.3,11.5,13.1,12.8,15.1,18.9,20.0,21.3,21.4,22.3,25.6,29.2,34.7,27.5,24.7,29.8,32.7,31.8,31.9,35.0,40.9,46.9,49.9,54.6,50.8,62.8,66.0,75.3,86.7,93.3,93.7,97.7,112.4,127.4,136.6,149.5,156.9,169.9,177.7,170.3,169.3,179.8,184.3,193.9,191.7,201.4,205.8,209.5,225.4
"28","        Other private business","---","---","---","---","---","---","---","---","---","---","---",11.1,11.5,12.2,12.8,13.6,14.1,14.9,15.6,16.3,17.2,17.9,19.2,20.4,22.6,25.4,26.4,28.7,30.2,32.8,34.7,37.1,42.1,48.7,53.7,57.1,63.8,71.9,74.9,78.6,82.6,85.5,90.4,95.9,100.2,100.6,102.5,104.7,107.5,111.9,116.8,119.3,124.1,130.0,130.3,131.8,138.4,148.8,158.4,172.7,201.9,199.6,211.2,232.5,243.0,247.8,276.4,288.9,301.0,305.4
"29","            Compensation of employees",0.8,0.8,1.0,1.1,1.1,1.2,1.2,1.3,1.3,1.3,1.4,1.4,1.5,1.7,1.8,1.9,2.0,2.1,2.3,2.6,2.8,3.0,3.2,3.4,3.8,4.1,4.4,4.7,5.1,5.7,6.2,6.9,7.6,8.2,8.7,9.3,10.1,10.7,11.2,11.6,11.8,12.5,13.1,13.2,13.8,14.2,14.6,15.0,15.8,17.1,19.8,21.6,23.7,25.0,28.0,28.5,29.7,30.2,31.3,32.3,32.5,31.2,29.8,29.2,29.2,29.4,30.8,32.0,33.0,34.3
"30","                Wages and salaries",0.8,0.8,0.9,1.0,1.0,1.1,1.1,1.2,1.2,1.3,1.3,1.3,1.4,1.5,1.7,1.8,1.9,2.0,2.1,2.4,2.5,2.8,2.9,3.1,3.4,3.7,3.9,4.2,4.5,5.0,5.6,6.3,6.9,7.4,7.8,8.3,8.9,9.5,9.9,10.3,10.5,11.1,11.5,11.6,12.1,12.3,12.6,13.0,13.7,14.8,17.0,18.5,20.2,21.0,23.4,23.9,24.7,25.1,26.2,27.0,27.1,25.7,25.1,24.4,24.3,24.8,26.0,27.1,27.9,29.2
"31","                Supplements to wages and salaries",0.0,0.0,0.0,0.1,0.1,0.1,0.1,0.1,0.1,0.1,0.1,0.1,0.1,0.1,0.1,0.1,0.2,0.2,0.2,0.2,0.2,0.2,0.3,0.3,0.4,0.4,0.5,0.5,0.6,0.7,0.6,0.7,0.8,0.8,0.9,1.0,1.1,1.2,1.3,1.3,1.3,1.4,1.5,1.6,1.7,1.8,1.9,2.0,2.1,2.3,2.7,3.0,3.5,4.0,4.6,4.6,5.0,5.1,5.1,5.2,5.4,5.5,4.7,4.8,4.9,4.6,4.7,4.9,5.0,5.1
"32","            Proprietors' income with IVA and CCAdj",0.0,0.0,0.0,0.0,0.0,0.0,0.0,0.0,0.0,-0.1,-0.1,0.3,0.3,0.4,0.4,0.4,0.5,0.5,0.5,0.5,0.5,0.4,0.4,0.5,0.6,0.6,0.6,0.5,0.6,0.6,0.6,0.7,0.6,0.6,0.7,1.0,1.3,1.0,1.0,1.6,1.8,1.9,1.5,1.8,1.9,1.9,2.3,2.3,2.1,2.4,1.6,1.0,0.7,0.5,1.3,1.2,2.3,2.3,2.8,3.4,4.0,4.4,4.6,4.9,5.6,5.8,6.4,6.2,5.8,5.4
"33","            Rental income of persons with CCAdj",4.5,4.4,4.8,5.1,5.2,5.3,5.4,5.4,5.5,5.4,5.6,5.5,5.5,5.5,5.6,5.8,5.8,5.9,6.0,5.9,6.0,5.9,6.2,6.2,7.3,8.5,8.2,8.3,8.2,8.7,9.3,10.2,13.0,17.6,21.0,22.4,25.0,29.4,26.7,25.4,25.0,23.8,27.1,31.6,39.3,45.8,49.5,53.9,57.1,59.1,60.5,59.7,59.1,63.6,60.4,61.8,64.0,69.0,72.4,81.5,104.9,105.5,121.2,146.0,155.3,160.3,184.4,192.5,200.9,199.6
"34","            Net interest",0.7,0.8,0.9,1.0,1.2,1.3,1.5,1.6,1.7,2.0,2.2,2.4,2.6,2.8,3.0,3.3,3.6,4.0,4.3,4.5,4.9,5.2,5.8,6.5,7.2,8.1,9.2,10.7,11.6,12.8,14.0,15.6,17.7,19.9,21.9,23.3,25.8,28.9,32.9,35.3,37.9,41.1,42.6,43.2,39.0,34.5,32.7,32.2,31.1,31.0,30.9,31.7,33.6,33.6,33.2,32.0,32.6,35.5,38.7,42.4,46.4,45.4,42.3,40.8,40.0,38.7,40.1,43.1,46.7,50.0
"35","            Taxes on production and imports less subsidies plus business current transfer payments","---","---","---","---","---","---","---","---","---","---","---",1.5,1.6,1.8,1.9,2.1,2.2,2.4,2.6,2.8,3.1,3.3,3.6,3.8,3.8,4.1,4.0,4.4,4.7,5.0,4.6,3.7,3.2,2.4,1.4,1.2,1.7,1.8,3.2,4.7,6.0,6.0,6.0,6.1,6.1,4.2,3.4,1.3,1.4,2.4,4.1,5.4,7.1,7.3,7.4,8.3,9.8,11.8,13.1,13.2,14.1,13.0,13.3,11.6,12.9,13.7,14.7,15.1,14.6,16.1
"36","        Government enterprises","---","---","---","---","---","---","---","---","---","---","---",6.0,6.3,6.5,7.0,7.9,8.5,9.0,9.3,9.8,11.2,12.0,12.8,13.8,15.8,16.4,18.3,19.1,22.4,23.4,26.3,28.7,30.9,35.2,38.5,43.1,47.8,54.5,56.9,59.5,66.9,72.5,75.3,83.0,90.4,92.3,97.3,103.3,107.3,110.8,113.5,117.9,119.9,121.1,127.5,128.2,131.3,130.4,132.8,130.6,129.5,131.1,127.7,129.1,132.2,134.9,143.4,155.7,160.6,161.8
"37","            Compensation of employees",2.5,2.8,2.9,3.3,3.8,3.9,4.0,4.2,4.4,4.6,5.1,5.4,5.9,6.2,6.6,7.1,7.6,8.2,8.9,9.5,10.7,11.8,13.9,15.4,16.7,18.4,20.8,23.1,24.7,26.3,28.6,31.4,35.4,40.0,42.0,45.0,48.6,52.6,54.4,56.7,61.4,65.3,71.6,74.8,79.9,80.9,84.6,86.8,89.6,92.8,96.6,101.1,108.5,115.5,119.9,123.1,131.2,135.0,139.8,144.8,147.7,147.1,147.8,148.5,147.6,150.8,154.4,161.6,163.0,166.8
"38","                Wages and salaries",2.2,2.5,2.6,2.9,3.4,3.4,3.5,3.7,3.8,4.0,4.4,4.7,5.1,5.3,5.7,6.1,6.5,7.1,7.7,8.2,9.3,10.2,11.7,12.5,13.5,14.9,16.8,18.5,19.8,20.9,22.9,25.0,28.2,31.7,33.1,35.3,38.1,40.8,42.5,45.0,48.3,50.6,54.6,57.1,60.2,61.0,63.8,65.7,68.0,70.4,73.3,76.0,81.6,85.6,88.7,90.0,94.7,96.9,100.3,103.7,105.8,105.2,104.2,104.3,103.7,104.1,106.2,111.1,111.7,114.3
"39","                Supplements to wages and salaries",0.3,0.3,0.3,0.4,0.4,0.5,0.5,0.5,0.5,0.6,0.7,0.7,0.8,0.9,0.9,1.0,1.1,1.2,1.2,1.3,1.4,1.7,2.1,2.8,3.2,3.5,4.0,4.6,5.0,5.4,5.8,6.4,7.1,8.3,8.8,9.7,10.5,11.8,11.9,11.8,13.1,14.7,16.9,17.7,19.8,19.9,20.9,21.1,21.6,22.4,23.3,25.1,26.9,29.9,31.2,33.1,36.5,38.1,39.5,41.1,41.9,41.9,43.6,44.2,43.9,46.7,48.2,50.5,51.3,52.5
"40","            Current surplus of government enterprises1","---","---","---","---","---","---","---","---","---","---","---",0.5,0.5,0.3,0.4,0.8,0.9,0.8,0.4,0.3,0.5,0.2,-1.0,-1.5,-0.9,-2.0,-2.4,-4.1,-2.4,-3.0,-2.4,-2.7,-4.5,-4.7,-3.4,-1.9,-0.9,1.9,2.5,2.7,5.6,7.3,3.7,8.2,10.4,11.4,12.7,16.5,17.8,18.1,16.9,16.8,11.5,5.7,7.6,5.1,0.1,-4.5,-7.0,-14.2,-18.2,-16.1,-20.1,-19.4,-15.4,-15.9,-11.0,-5.8,-2.3,-4.9
"41","Households and institutions",11.4,12.5,14.0,15.6,17.4,19.5,21.4,23.6,25.6,27.9,30.5,33.3,36.9,39.3,42.7,45.6,48.5,51.9,56.1,60.5,65.4,71.8,78.1,86.3,93.7,101.3,110.2,120.7,130.6,140.3,155.5,172.0,196.0,223.1,250.9,276.5,302.9,325.6,353.6,387.7,431.1,469.0,512.5,548.2,585.6,628.8,671.2,714.9,752.6,796.0,848.5,904.2,965.0,1020.4,1080.6,1124.5,1176.2,1227.1,1284.4,1324.5,1429.8,1498.0,1508.8,1554.6,1606.4,1637.2,1690.9,1769.5,1840.4,1908.7
"42","    Households",8.0,8.7,9.9,11.1,12.6,14.2,15.6,17.3,18.7,20.3,22.1,24.1,26.4,28.1,30.4,32.2,33.9,35.9,38.0,40.3,42.5,45.5,48.7,53.5,57.4,61.0,65.3,70.8,76.2,80.9,89.2,97.6,110.9,126.8,142.7,156.1,169.8,182.9,197.2,211.8,232.3,251.2,272.8,288.5,305.4,328.5,355.7,382.2,403.3,427.1,453.8,485.1,519.1,554.6,578.3,595.1,620.3,653.8,684.7,700.1,764.2,801.1,800.1,818.6,836.8,847.4,871.1,906.7,942.7,980.7
"43","        Compensation of employees",2.4,2.4,2.6,2.7,2.6,2.7,2.6,3.1,3.3,3.3,3.5,3.6,3.8,3.7,3.8,3.8,3.9,4.0,4.0,4.2,4.4,4.4,4.5,4.6,4.6,4.8,4.6,4.6,5.4,5.9,6.5,6.4,6.1,6.2,6.3,6.3,7.3,7.3,7.7,7.7,8.3,9.0,9.4,9.2,10.2,10.8,11.2,12.0,12.2,12.2,14.1,12.9,13.8,13.1,12.8,14.2,15.1,15.3,16.4,18.0,19.1,17.4,15.3,16.3,17.3,18.2,20.9,21.3,20.1,18.8
"44","            Wages and salaries",2.4,2.4,2.6,2.6,2.6,2.7,2.6,3.0,3.2,3.3,3.5,3.5,3.8,3.7,3.8,3.8,3.9,3.9,4.0,4.1,4.3,4.4,4.4,4.5,4.6,4.7,4.5,4.6,5.3,5.8,6.4,6.3,6.0,6.0,6.1,6.2,7.1,7.2,7.6,7.6,8.2,8.8,9.2,9.0,10.0,10.5,10.9,11.7,11.8,11.9,13.8,12.5,13.4,12.8,12.5,13.9,14.8,14.9,16.0,17.6,18.5,16.7,14.7,15.8,16.5,17.6,20.2,20.7,19.5,18.2
"45","            Supplements to wages and salaries",0.0,0.0,0.0,0.0,0.0,0.0,0.0,0.0,0.0,0.0,0.0,0.0,0.0,0.0,0.0,0.0,0.0,0.0,0.1,0.1,0.1,0.1,0.1,0.1,0.1,0.1,0.1,0.1,0.1,0.1,0.1,0.1,0.1,0.1,0.1,0.1,0.1,0.1,0.2,0.2,0.2,0.2,0.2,0.2,0.3,0.3,0.3,0.3,0.3,0.3,0.4,0.3,0.3,0.3,0.3,0.3,0.3,0.4,0.4,0.4,0.6,0.8,0.6,0.6,0.9,0.6,0.7,0.7,0.6,0.6
"46","        Rental income of persons with CCAdj",3.0,3.4,4.0,4.6,5.6,6.7,7.6,8.0,8.2,8.6,9.2,10.1,11.0,11.7,12.5,12.9,13.1,13.4,13.9,14.4,14.1,14.4,14.5,15.5,15.3,14.5,14.9,13.9,12.0,7.0,7.1,5.7,5.6,5.8,2.1,1.3,-1.2,-4.2,-9.5,-9.8,-3.6,-3.3,-0.1,5.8,19.7,42.6,62.2,68.5,82.7,85.0,101.3,115.2,120.9,134.8,146.3,165.4,180.4,158.6,125.3,97.6,146.0,215.0,265.4,323.8,353.5,387.5,413.9,447.7,481.5,518.4
"47","        Net interest",1.2,1.3,1.5,1.8,2.1,2.3,2.7,3.1,3.6,4.3,5.0,5.6,6.3,6.9,7.8,8.5,9.4,10.3,11.0,11.7,12.7,14.0,15.3,17.5,20.2,23.1,26.4,30.7,34.6,41.0,47.9,57.6,69.1,81.0,97.6,109.6,121.8,135.4,150.6,160.7,171.8,186.9,200.8,206.1,206.6,203.5,207.3,226.4,233.2,246.8,256.7,272.5,298.4,317.8,319.5,308.6,311.0,355.1,409.3,448.9,462.2,420.9,373.1,339.0,311.2,279.1,272.0,271.7,274.0,274.6
"48","        Taxes on production and imports less subsidies plus business current transfer payments",1.4,1.6,1.8,2.0,2.2,2.5,2.7,3.1,3.6,4.0,4.5,4.8,5.3,5.8,6.3,6.9,7.6,8.3,9.0,10.0,11.3,12.7,14.4,15.9,17.3,18.6,19.5,21.5,24.2,26.9,27.6,27.9,30.1,33.8,36.7,39.0,41.9,44.3,48.2,53.2,55.7,58.7,62.6,67.4,68.8,71.6,75.0,75.2,75.2,83.1,81.7,84.5,86.1,89.0,99.7,106.9,113.8,124.8,133.7,135.5,136.9,147.8,146.2,139.5,154.8,162.6,164.3,166.0,167.2,168.9
"49","    Nonprofit institutions serving households",3.4,3.8,4.1,4.5,4.9,5.4,5.8,6.3,6.9,7.6,8.4,9.2,10.5,11.2,12.3,13.4,14.6,16.1,18.1,20.2,22.8,26.3,29.4,32.9,36.3,40.3,44.8,49.9,54.4,59.4,66.3,74.3,85.0,96.4,108.2,120.4,133.1,142.7,156.4,175.9,198.8,217.8,239.8,259.6,280.2,300.2,315.6,332.7,349.3,369.0,394.8,419.2,445.9,465.8,502.3,529.4,555.9,573.3,599.7,624.4,665.7,696.9,708.8,736.0,769.6,789.8,819.8,862.7,897.7,928.0
"50","        Compensation of employees",3.2,3.6,3.9,4.3,4.6,5.1,5.5,6.1,6.6,7.3,8.0,8.9,10.1,10.7,11.8,12.8,14.0,15.3,17.2,19.2,21.7,25.0,27.9,31.0,34.3,38.2,42.6,47.3,51.6,56.4,63.0,70.5,80.4,90.7,101.1,111.8,122.6,132.2,144.4,163.3,184.8,202.8,224.2,243.2,262.8,280.6,296.4,312.2,327.5,346.0,370.8,394.7,421.1,440.4,476.5,503.9,530.6,548.3,574.6,598.5,638.8,669.0,681.2,707.5,741.4,761.8,790.8,832.1,866.4,897.1
"51","            Wages and salaries",3.2,3.5,3.8,4.1,4.5,5.0,5.4,5.9,6.4,7.0,7.7,8.4,9.6,10.2,11.2,12.1,13.1,14.4,16.1,17.9,20.3,23.3,25.9,28.6,31.3,34.5,38.3,42.5,46.1,50.1,56.2,62.9,71.8,80.9,90.2,98.5,106.7,114.6,125.0,141.6,161.3,175.9,193.8,209.4,224.8,239.7,253.4,266.8,280.6,296.9,316.3,334.8,358.0,374.0,399.8,418.9,437.4,451.4,474.8,498.1,531.1,549.3,562.6,581.2,608.0,624.1,649.2,685.4,710.7,740.4
"52","            Supplements to wages and salaries",0.1,0.1,0.1,0.1,0.1,0.2,0.2,0.2,0.2,0.3,0.3,0.4,0.5,0.6,0.7,0.8,0.8,0.9,1.1,1.3,1.4,1.7,2.0,2.4,3.0,3.7,4.2,4.9,5.5,6.4,6.8,7.7,8.6,9.8,10.9,13.3,15.9,17.6,19.4,21.7,23.5,26.8,30.4,33.9,38.0,40.8,43.0,45.3,46.9,49.2,54.6,59.9,63.1,66.4,76.7,85.0,93.2,96.9,99.8,100.4,107.7,119.7,118.5,126.3,133.4,137.7,141.6,146.7,155.7,156.7
"53","        Rental income of persons","---","---","---","---","---","---","---","---","---","---","---","---","---","---","---","---","---","---","---","---","---","---","---",0.1,0.2,0.1,0.1,0.1,0.1,0.1,0.2,0.2,0.3,0.5,0.7,0.8,0.8,1.0,1.0,1.0,1.1,1.0,1.1,1.2,1.5,1.7,2.0,2.5,2.7,3.0,3.5,3.6,3.5,4.0,4.3,4.3,4.4,4.5,4.6,5.2,5.8,6.9,7.6,8.9,9.2,9.2,10.1,11.6,12.4,12.2
"54","        Net interest",0.1,0.1,0.1,0.1,0.1,0.1,0.1,0.1,0.1,0.1,0.1,0.1,0.1,0.1,0.1,0.1,0.2,0.2,0.3,0.4,0.5,0.6,0.7,0.8,0.8,0.9,1.1,1.4,1.4,1.5,1.9,2.3,3.0,3.7,4.8,5.9,7.7,7.5,8.7,9.1,10.3,11.1,11.2,11.7,12.2,14.3,13.2,14.1,15.0,15.6,16.0,16.1,16.2,16.1,15.7,15.0,14.3,13.5,12.8,12.3,12.1,11.5,10.5,10.0,9.1,8.7,8.5,8.3,7.7,7.0
"55","        Taxes on production and imports",0.1,0.1,0.1,0.1,0.2,0.2,0.2,0.2,0.2,0.2,0.3,0.3,0.3,0.3,0.4,0.4,0.4,0.5,0.5,0.6,0.6,0.7,0.8,0.9,1.0,1.0,1.1,1.1,1.2,1.3,1.3,1.3,1.4,1.5,1.7,1.8,2.0,2.1,2.2,2.5,2.7,2.9,3.2,3.5,3.7,3.7,3.9,3.9,4.1,4.3,4.5,4.8,5.0,5.3,5.8,6.2,6.6,7.1,7.6,8.4,8.9,9.5,9.6,9.7,9.8,10.1,10.4,10.8,11.2,11.8
"56","General government",20.2,22.3,23.9,31.7,36.1,37.0,37.6,39.2,41.6,44.4,47.6,49.3,52.5,56.3,60.0,64.0,69.2,74.6,84.4,93.4,104.6,114.6,126.7,139.3,152.2,163.1,175.8,193.8,207.1,223.0,242.8,262.6,288.6,318.1,345.6,367.3,394.3,426.6,453.3,480.9,516.3,556.8,602.6,643.7,682.2,704.1,727.9,748.7,768.7,797.0,832.1,879.8,934.9,996.6,1065.5,1132.6,1191.8,1248.4,1304.4,1374.8,1445.4,1493.7,1543.9,1553.5,1556.2,1597.6,1637.1,1687.0,1726.0,1775.5
"57","    Compensation of employees",20.2,22.3,23.9,31.7,36.1,37.0,37.6,39.2,41.6,44.4,47.6,49.3,52.5,56.3,60.0,64.0,69.2,74.6,84.4,93.4,104.6,114.6,126.7,139.3,152.2,163.1,175.8,193.8,207.1,223.0,242.8,262.6,288.6,318.1,345.6,367.3,394.3,426.6,453.3,480.9,516.3,556.8,602.6,643.7,682.2,704.1,727.9,748.7,768.7,797.0,832.1,879.8,934.9,996.6,1065.5,1132.6,1191.8,1248.4,1304.4,1374.8,1445.4,1493.7,1543.9,1553.5,1556.2,1597.6,1637.1,1687.0,1726.0,1775.5
"58","        Wages and salaries",16.8,18.3,20.0,26.3,30.0,30.9,31.4,32.9,35.0,37.0,39.7,41.4,44.1,47.2,50.7,53.9,58.4,62.9,70.7,78.3,87.4,95.4,105.5,114.3,124.3,133.9,143.7,157.7,169.1,181.7,197.1,212.1,233.2,254.2,274.4,289.5,310.0,333.0,354.8,378.2,403.8,430.5,464.4,491.7,511.8,528.0,545.7,563.3,580.1,601.5,628.0,657.8,698.2,736.4,784.2,823.9,857.6,894.4,934.2,984.9,1038.0,1070.0,1087.0,1090.6,1094.6,1104.0,1130.7,1164.7,1196.0,1231.5
"59","        Supplements to wages and salaries",3.5,4.1,4.1,5.6,6.3,6.4,6.4,6.6,6.9,7.7,8.2,8.4,8.9,9.7,10.0,10.8,11.6,12.6,14.6,16.2,18.5,20.6,22.8,26.9,30.0,31.4,34.5,38.9,40.6,44.3,45.7,50.4,55.4,63.9,71.2,77.8,84.3,93.6,98.5,102.7,112.6,126.3,138.1,152.0,170.4,176.1,182.2,185.4,188.6,195.5,204.1,222.0,236.7,260.1,281.3,308.7,334.2,353.9,370.1,389.9,407.4,423.7,456.9,463.0,461.6,493.6,506.4,522.3,530.0,544.1
"60","Rest of the world",1.5,1.3,1.4,1.9,2.0,1.9,2.1,2.4,2.8,3.1,2.6,2.8,3.1,3.5,4.1,4.5,4.9,5.3,5.1,5.4,6.1,6.1,6.4,7.6,8.6,12.6,15.5,13.0,16.8,20.3,21.6,31.9,34.2,32.9,36.5,37.1,36.3,25.4,17.0,17.5,22.7,24.8,34.7,31.6,31.1,31.2,23.0,27.9,30.9,23.3,17.4,25.5,35.0,48.8,45.2,58.4,78.2,78.0,50.5,109.0,154.6,141.9,195.7,236.4,232.3,230.7,241.7,226.2,215.3,243.7
"61","    Compensation of employees",0.1,0.1,0.1,0.0,0.0,0.0,-0.1,-0.1,-0.1,-0.1,-0.1,-0.1,-0.2,-0.1,-0.1,-0.1,-0.1,0.0,0.0,0.0,0.0,0.0,0.0,0.0,0.0,0.0,0.0,0.0,0.0,-0.1,-0.1,-0.1,-0.1,-0.2,-0.2,-0.2,-0.2,-0.2,-1.8,-1.4,-0.9,-1.3,-2.3,-2.8,-3.0,-3.3,-4.0,-4.1,-4.1,-4.4,-4.6,-7.2,-6.6,-7.2,-7.8,-8.2,-9.2,-11.1,-11.4,-10.5,-11.7,-8.7,-8.0,-8.1,-8.6,-9.4,-10.6,-11.1,-12.7,-13.4
"62","    Corporate profits",1.3,1.1,1.3,1.7,1.9,1.8,2.0,2.4,2.8,3.1,2.5,2.7,3.1,3.3,3.8,4.1,4.5,4.7,4.5,4.8,5.6,6.6,7.1,7.9,9.5,14.9,17.5,14.6,16.5,19.1,22.9,34.6,35.5,29.7,32.6,35.1,36.6,38.1,39.5,48.0,57.0,67.1,76.1,76.5,73.1,76.9,78.0,92.9,102.0,107.6,102.8,121.7,145.7,168.8,156.8,158.9,195.1,225.7,239.7,337.8,390.2,348.8,385.8,412.6,405.4,398.8,404.9,402.5,406.5,448.8
"63","    Net interest",0.1,0.1,0.1,0.1,0.1,0.1,0.2,0.2,0.1,0.0,0.2,0.1,0.1,0.3,0.4,0.5,0.5,0.6,0.5,0.6,0.4,-0.5,-0.7,-0.3,-1.0,-2.3,-1.9,-1.6,0.3,1.2,-1.2,-2.6,-1.2,3.4,4.1,2.2,-0.1,-12.5,-20.7,-29.2,-33.5,-41.1,-39.1,-42.1,-39.0,-42.5,-51.0,-60.9,-67.0,-79.9,-80.8,-89.0,-104.1,-112.9,-103.7,-92.3,-107.7,-136.6,-177.9,-218.2,-223.9,-198.1,-182.0,-168.1,-164.4,-158.7,-152.6,-165.2,-178.5,-191.8
"","Addenda:","","","","","","","","","","","","","","","","","","","","","","","","","","","","","","","","","","","","","","","","","","","","","","","","","","","","","","","","","","","","","","","","","","","","","",""
"","    Corporate business:","","","","","","","","","","","","","","","","","","","","","","","","","","","","","","","","","","","","","","","","","","","","","","","","","","","","","","","","","","","","","","","","","","","","","",""
"64","        Corporate profits with IVA and CCAdj",30.1,27.9,34.8,39.5,37.8,38.5,37.5,47.8,46.8,46.0,41.3,52.8,51.5,52.6,60.3,66.4,73.2,84.6,91.6,89.1,96.1,91.8,79.1,92.8,107.7,118.5,108.2,124.2,157.8,186.7,215.7,214.4,188.1,217.8,197.3,244.7,301.3,316.4,284.9,318.0,357.5,347.2,341.6,376.1,404.1,447.6,546.8,613.3,687.5,762.2,705.7,713.2,640.9,589.9,754.9,897.3,1094.2,1262.9,1406.5,1195.4,895.7,1038.0,1343.0,1397.2,1592.1,1611.9,1714.0,1654.7,1628.5,1650.4
"65","            Profits before tax (without IVA and CCAdj)",35.2,28.9,42.5,43.6,39.4,41.4,38.8,49.1,49.8,48.1,42.5,53.2,50.7,50.6,55.4,60.3,67.0,78.4,85.9,82.8,92.3,90.1,79.2,91.4,106.4,131.2,144.1,140.1,179.7,209.4,247.5,266.5,247.3,246.9,199.7,228.8,261.7,251.6,226.7,282.8,331.4,322.3,328.0,352.8,389.5,429.0,523.7,592.3,636.8,689.3,625.3,644.1,600.9,520.2,631.8,811.2,1062.6,1439.5,1604.4,1414.2,989.1,1118.7,1448.2,1405.7,1750.7,1752.7,1857.7,1731.7,1723.2,1733.0
"66","            Inventory valuation adjustment",-2.2,1.9,-5.0,-1.2,1.0,-1.0,-0.3,-1.7,-2.7,-1.5,-0.3,-0.3,-0.2,0.3,0.0,0.1,-0.5,-1.2,-2.1,-1.6,-3.7,-5.9,-6.6,-4.6,-6.6,-19.6,-38.2,-10.5,-14.1,-15.7,-23.7,-40.1,-42.1,-24.6,-7.5,-7.4,-4.0,0.0,7.1,-16.2,-22.2,-16.3,-12.9,4.9,-2.8,-4.0,-12.4,-18.3,3.1,14.1,15.7,-4.0,-16.8,8.0,8.9,-14.5,-40.2,-36.0,-31.9,-43.6,-34.8,2.6,-47.6,-68.0,-11.4,14.4,3.6,52.8,-1.0,-45.5
"67","            Capital consumption adjustment",-3.0,-2.8,-2.8,-3.0,-2.6,-1.9,-1.0,0.5,-0.3,-0.5,-0.9,-0.2,1.0,1.8,4.8,6.0,6.8,7.4,7.8,7.8,7.5,7.6,6.5,6.0,7.9,6.8,2.4,-5.4,-7.8,-7.0,-8.1,-12.0,-17.1,-4.5,5.0,23.3,43.6,64.8,51.1,51.4,48.3,41.2,26.6,18.3,17.4,22.6,35.5,39.2,47.7,58.7,64.6,73.0,56.8,61.6,114.3,100.6,71.8,-140.5,-166.0,-175.1,-58.6,-83.3,-57.7,59.6,-147.2,-155.2,-147.3,-129.8,-93.7,-37.1
"","    Sole proprietors and partnerships:","","","","","","","","","","","","","","","","","","","","","","","","","","","","","","","","","","","","","","","","","","","","","","","","","","","","","","","","","","","","","","","","","","","","","",""
"68","        Proprietors' income with IVA and CCAdj",39.3,34.7,37.5,42.6,43.1,42.1,42.3,44.3,45.9,47.8,50.2,50.0,50.2,52.8,54.8,56.0,58.7,63.2,67.5,69.0,73.4,76.6,77.4,83.4,94.5,111.9,111.7,117.7,130.4,143.9,165.3,178.8,171.0,179.1,170.5,185.3,227.0,240.0,255.5,284.8,323.7,339.2,351.6,352.4,398.3,426.1,454.3,478.8,541.7,581.6,638.5,695.5,753.1,830.5,868.5,895.7,959.8,975.7,1046.8,990.7,957.0,934.1,1104.1,1224.4,1341.7,1397.8,1441.2,1415.7,1413.5,1495.5
"69","            Farm proprietors' income with IVA and CCAdj",16.7,12.0,12.9,15.3,14.3,12.2,11.7,10.7,10.6,10.6,12.4,10.0,10.6,11.2,11.2,11.0,9.8,12.0,13.0,11.6,11.7,12.8,12.9,13.4,17.0,29.1,23.5,22.0,17.2,16.0,19.9,22.2,11.7,19.0,13.3,6.2,20.9,21.0,22.8,28.9,26.8,33.0,32.2,26.8,34.8,31.4,34.7,22.0,37.3,32.4,28.5,28.1,31.5,32.1,19.9,36.5,51.5,46.8,33.1,40.3,40.2,28.1,39.0,64.9,60.9,88.3,70.1,56.4,37.5,38.9
"70","                Proprietors' income with IVA",17.1,12.4,13.3,15.8,14.9,12.7,12.2,11.2,11.1,11.1,13.0,10.7,11.2,11.8,11.7,11.5,10.3,12.5,13.6,12.3,12.3,13.6,13.8,14.5,18.2,30.3,25.3,24.6,20.1,19.3,23.7,26.6,17.3,25.6,20.4,13.1,27.6,27.2,28.9,34.8,32.5,38.8,37.8,32.5,40.4,36.8,40.1,27.4,42.6,37.4,33.2,32.9,36.1,36.7,24.5,41.0,56.4,52.2,38.9,46.4,46.7,34.4,44.8,70.7,66.7,94.1,76.1,62.3,43.3,44.9
"71","                Capital consumption adjustment",-0.4,-0.4,-0.4,-0.5,-0.6,-0.5,-0.5,-0.4,-0.5,-0.6,-0.6,-0.6,-0.6,-0.5,-0.5,-0.5,-0.5,-0.5,-0.6,-0.6,-0.7,-0.8,-0.9,-1.1,-1.2,-1.3,-1.8,-2.6,-2.9,-3.3,-3.8,-4.5,-5.6,-6.6,-7.1,-7.0,-6.7,-6.2,-6.1,-5.9,-5.7,-5.7,-5.7,-5.7,-5.6,-5.5,-5.4,-5.4,-5.3,-5.0,-4.8,-4.7,-4.6,-4.6,-4.5,-4.5,-4.8,-5.4,-5.8,-6.1,-6.5,-6.3,-5.8,-5.9,-5.8,-5.8,-6.0,-5.9,-5.9,-6.0
"72","            Nonfarm proprietors' income with IVA and CCAdj",22.6,22.7,24.7,27.3,28.8,29.9,30.5,33.6,35.3,37.3,37.8,40.0,39.6,41.6,43.6,44.9,48.9,51.2,54.4,57.4,61.7,63.7,64.5,70.0,77.5,82.8,88.2,95.7,113.2,127.9,145.4,156.6,159.3,160.1,157.2,179.1,206.1,219.1,232.7,255.9,296.9,306.2,319.5,325.6,363.5,394.7,419.6,456.8,504.3,549.2,610.1,667.3,721.7,798.4,848.6,859.2,908.2,928.9,1013.7,950.4,916.7,906.1,1065.1,1159.5,1280.8,1309.5,1371.2,1359.3,1376.0,1456.6
"73","                Proprietors' income (without IVA and CCAdj)",23.3,22.3,25.8,27.8,28.6,30.0,30.5,33.8,35.6,37.5,37.9,40.1,39.7,41.8,43.7,45.0,48.9,51.6,55.1,58.0,62.5,64.5,65.4,71.3,78.3,84.8,92.1,98.1,115.4,129.7,147.3,158.0,160.6,156.0,153.0,166.2,183.4,187.5,196.4,225.9,267.9,277.7,301.5,310.6,347.2,378.7,408.6,446.4,487.5,522.7,576.9,625.7,672.1,726.3,760.1,765.9,812.0,867.5,944.9,876.9,780.5,769.2,924.6,971.5,1118.4,1115.1,1164.2,1122.8,1125.5,1182.4
"74","                Inventory valuation adjustment",-0.4,0.5,-1.1,-0.3,0.2,-0.2,0.0,-0.2,-0.5,-0.3,-0.1,0.0,0.0,0.0,0.0,0.0,-0.1,-0.2,-0.2,-0.2,-0.4,-0.5,-0.5,-0.6,-0.7,-1.9,-3.4,-1.1,-1.1,-1.1,-1.9,-2.6,-2.9,-1.3,-0.5,-0.5,-0.4,-0.2,0.0,-0.8,-1.2,-1.3,-1.1,-0.1,-0.5,-0.4,-0.7,-1.5,-0.4,1.0,1.3,-0.9,-1.7,1.0,0.8,-1.9,-4.5,-4.0,-3.6,-6.1,-5.5,0.6,-7.0,-9.7,-1.7,1.7,1.0,9.2,-0.2,-7.2
"75","                Capital consumption adjustment",-0.3,-0.1,0.0,-0.2,-0.1,0.0,0.1,0.0,0.1,0.1,-0.1,-0.1,-0.1,-0.2,-0.1,0.0,0.0,-0.2,-0.4,-0.5,-0.4,-0.3,-0.4,-0.7,-0.1,-0.1,-0.5,-1.3,-1.1,-0.7,0.0,1.2,1.6,5.3,4.6,13.4,23.0,31.7,36.4,30.9,30.1,29.8,19.0,15.2,16.9,16.4,11.8,11.9,17.3,25.5,31.9,42.6,51.3,71.1,87.7,95.1,100.8,65.5,72.4,79.6,141.8,136.2,147.4,197.7,164.1,192.7,205.9,227.3,250.7,281.4
"","    Other private business:","","","","","","","","","","","","","","","","","","","","","","","","","","","","","","","","","","","","","","","","","","","","","","","","","","","","","","","","","","","","","","","","","","","","","",""
"76","        Proprietors' income with IVA and CCAdj",0.0,0.0,0.0,0.0,0.0,0.0,0.0,0.0,0.0,-0.1,-0.1,0.3,0.3,0.4,0.4,0.4,0.5,0.5,0.5,0.5,0.5,0.4,0.4,0.5,0.6,0.6,0.6,0.5,0.6,0.6,0.6,0.7,0.6,0.6,0.7,1.0,1.3,1.0,1.0,1.6,1.8,1.9,1.5,1.8,1.9,1.9,2.3,2.3,2.1,2.4,1.6,1.0,0.7,0.5,1.3,1.2,2.3,2.3,2.8,3.4,4.0,4.4,4.6,4.9,5.6,5.8,6.4,6.2,5.8,5.4
"77","            Proprietors' income with IVA",0.0,0.0,0.0,0.0,0.0,0.0,0.0,0.0,0.0,0.0,0.0,0.4,0.4,0.4,0.5,0.5,0.5,0.5,0.5,0.5,0.5,0.5,0.5,0.6,0.7,0.7,0.7,0.8,0.9,0.9,1.0,1.1,1.1,1.2,1.3,1.6,1.9,1.6,1.6,2.2,2.5,2.6,2.2,2.5,2.6,2.6,3.1,3.2,3.0,3.3,2.6,2.0,1.9,2.0,1.8,1.8,2.9,3.1,3.7,4.4,5.2,5.6,5.8,6.2,6.9,7.1,7.7,7.5,7.1,6.7
"78","            Capital consumption adjustment",0.0,0.0,0.0,0.0,0.0,0.0,0.0,0.0,0.0,-0.1,-0.1,-0.1,0.0,0.0,0.0,0.0,0.0,0.0,0.0,0.0,-0.1,-0.1,-0.1,-0.1,-0.1,-0.1,-0.2,-0.2,-0.3,-0.3,-0.4,-0.4,-0.5,-0.6,-0.6,-0.6,-0.6,-0.6,-0.6,-0.6,-0.6,-0.6,-0.7,-0.7,-0.7,-0.7,-0.7,-0.8,-0.9,-0.9,-0.9,-1.0,-1.2,-1.4,-0.6,-0.6,-0.6,-0.7,-0.9,-1.0,-1.2,-1.2,-1.2,-1.3,-1.3,-1.3,-1.4,-1.3,-1.3,-1.3
"79","        Rental income of persons with CCAdj",4.5,4.4,4.8,5.1,5.2,5.3,5.4,5.4,5.5,5.4,5.6,5.5,5.5,5.5,5.6,5.8,5.8,5.9,6.0,5.9,6.0,5.9,6.2,6.2,7.3,8.5,8.2,8.3,8.2,8.7,9.3,10.2,13.0,17.6,21.0,22.4,25.0,29.4,26.7,25.4,25.0,23.8,27.1,31.6,39.3,45.8,49.5,53.9,57.1,59.1,60.5,59.7,59.1,63.6,60.4,61.8,64.0,69.0,72.4,81.5,104.9,105.5,121.2,146.0,155.3,160.3,184.4,192.5,200.9,199.6
"80","            Rental income of persons (without CCAdj)",5.0,4.9,5.3,5.7,5.8,5.9,6.0,6.0,6.1,6.0,6.2,6.1,6.0,6.1,6.1,6.3,6.3,6.5,6.6,6.6,6.8,6.9,7.2,7.4,8.6,10.1,10.3,10.7,10.9,11.9,13.1,14.8,18.4,23.5,27.3,28.7,31.5,36.0,33.6,32.7,32.5,31.6,35.0,39.4,47.1,54.0,58.0,62.7,66.1,68.3,70.0,69.7,69.8,75.1,72.2,74.3,78.0,84.7,89.6,98.7,121.2,120.0,135.3,160.0,169.5,175.8,201.6,210.3,219.5,219.5
"81","            Capital consumption adjustment",-0.6,-0.5,-0.6,-0.6,-0.6,-0.6,-0.6,-0.6,-0.6,-0.6,-0.6,-0.6,-0.6,-0.5,-0.5,-0.5,-0.5,-0.5,-0.6,-0.7,-0.8,-1.0,-1.0,-1.2,-1.4,-1.7,-2.0,-2.4,-2.7,-3.2,-3.9,-4.6,-5.3,-5.9,-6.3,-6.3,-6.5,-6.6,-6.9,-7.3,-7.5,-7.8,-7.9,-7.8,-7.8,-8.2,-8.5,-8.8,-9.0,-9.2,-9.5,-10.0,-10.7,-11.5,-11.8,-12.6,-14.0,-15.7,-17.2,-17.2,-16.3,-14.6,-14.0,-14.0,-14.2,-15.5,-17.3,-17.8,-18.6,-19.9
"Legend / Footnotes:"
"1. Prior to 1959, the current surplus of government enterprises (lines 18 and 40) is not available separately, but is included in line 17, taxes on production and imports less subsidies plus business current transfer payments."
"IVA Inventory valuation adjustment"
"CCAdj Capital consumption adjustment"
