"Table 2.7. Investment in Private Fixed Assets, Equipment, Structures, and Intellectual Property Products by Type",,,,,,,,,,,,,,,,,,,,,,,,,,,,,,,,,,,,,,,,,,,,,,,,,,,,,,,,,,,,,,,,,,,,,,,,,,,,,,,,,,,,,,,,,,,,,,,,,,,,,,,,,,,,,,,,,,,,,,,
[Billions of dollars] ,,,,,,,,,,,,,,,,,,,,,,,,,,,,,,,,,,,,,,,,,,,,,,,,,,,,,,,,,,,,,,,,,,,,,,,,,,,,,,,,,,,,,,,,,,,,,,,,,,,,,,,,,,,,,,,,,,,,,,,
Bureau of Economic Analysis ,,,,,,,,,,,,,,,,,,,,,,,,,,,,,,,,,,,,,,,,,,,,,,,,,,,,,,,,,,,,,,,,,,,,,,,,,,,,,,,,,,,,,,,,,,,,,,,,,,,,,,,,,,,,,,,,,,,,,,,
"Last Revised on: August 8, 2019",,,,,,,,,,,,,,,,,,,,,,,,,,,,,,,,,,,,,,,,,,,,,,,,,,,,,,,,,,,,,,,,,,,,,,,,,,,,,,,,,,,,,,,,,,,,,,,,,,,,,,,,,,,,,,,,,,,,,,,
Line,,1901,1902,1903,1904,1905,1906,1907,1908,1909,1910,1911,1912,1913,1914,1915,1916,1917,1918,1919,1920,1921,1922,1923,1924,1925,1926,1927,1928,1929,1930,1931,1932,1933,1934,1935,1936,1937,1938,1939,1940,1941,1942,1943,1944,1945,1946,1947,1948,1949,1950,1951,1952,1953,1954,1955,1956,1957,1958,1959,1960,1961,1962,1963,1964,1965,1966,1967,1968,1969,1970,1971,1972,1973,1974,1975,1976,1977,1978,1979,1980,1981,1982,1983,1984,1985,1986,1987,1988,1989,1990,1991,1992,1993,1994,1995,1996,1997,1998,1999,2000,2001,2002,2003,2004,2005,2006,2007,2008,2009,2010,2011,2012,2013,2014,2015,2016,2017,2018
,,,,,,,,,,,,,,,,,,,,,,,,,,,,,,,,,,,,,,,,,,,,,,,,,,,,,,,,,,,,,,,,,,,,,,,,,,,,,,,,,,,,,,,,,,,,,,,,,,,,,,,,,,,,,,,,,,,,,,,
1,        Private fixed assets,2.9,3.4,3.6,3.5,4.1,4.7,5,4.2,4.9,5.2,5,5.7,5.9,5,5,6.6,7.7,8.7,10.6,12.4,10.1,11.8,15.5,14.6,16.9,17,16.2,16,15.8,12.2,8.2,4.8,4.2,5.3,6.6,8.5,10.6,9,10.4,12.4,15,10.4,8.7,10.6,14.3,26.9,37.4,44.7,42,50.9,53.1,54,58.6,59.8,68.4,73.4,75.5,71.5,81.3,82.8,83.3,90.7,97.3,107.1,120.1,129.8,132,146.9,163.5,166.4,186.6,217.3,249.5,259.2,262.2,304.1,371.5,448.8,518.4,531.9,596.1,588,635.4,747.9,802.4,830.6,857.9,910.6,961.8,972,934.9,983.2,1079.3,1184.2,1281.3,1399.7,1518.4,1664,1813.8,1964.2,1950.5,1885.5,1986.2,2193.8,2454.4,2608.9,2614.3,2488.4,2054.3,2103.8,2279.8,2533.2,2701.4,2937.1,3051.7,3109.8,3298.5,3537.9
2,Equipment,0.7,0.8,0.9,0.8,0.9,1.2,1.5,0.9,1.1,1.3,1.2,1.8,2,1.6,1.8,2.7,3.9,5.3,5.7,6.3,4.6,4.6,6.4,4.6,6.2,5.5,5.1,5.3,5.8,4.7,3.2,2,1.9,2.5,3.2,4.1,5.1,3.9,4.3,5.4,6.5,4.7,4.3,5.5,7.8,10.5,15.8,17.6,16.1,18.2,20.3,20.1,21.9,21,24,26.5,28.8,25.8,28.6,29.8,29.1,32.4,34.8,39.3,46.6,54,54.4,59.5,66.2,67.2,69.8,80,96.9,107.3,109.9,124.2,151.6,183.8,213.3,220.9,246.2,238.3,249.6,294.3,307.6,313,317.6,346.6,371.3,369.8,360.8,382,428.4,480.7,532.6,569.6,612,660.6,712.6,760.5,704.1,651.4,660.7,716.6,791.2,861.5,895.2,856.3,672,792.4,896.9,994.6,1033,1096.8,1113.5,1084.6,1135.2,1221.7
3,  Nonresidential equipment,0.7,0.8,0.9,0.8,0.9,1.2,1.5,0.9,1.1,1.3,1.2,1.7,2,1.6,1.7,2.7,3.9,5.3,5.6,6.2,4.5,4.6,6.3,4.5,6.1,5.4,5,5.2,5.7,4.6,3.1,2,1.9,2.5,3.1,4.1,5,3.8,4.2,5.3,6.4,4.6,4.2,5.5,7.8,10.3,15.5,17.3,15.8,17.8,19.9,19.7,21.6,20.6,23.6,26,28.3,25.3,28,29.3,28.6,31.9,34.2,38.7,45.9,53.3,53.7,58.6,65.2,66.1,68.5,78.4,95.2,105.5,107.9,122.1,149.2,181.1,210.1,217.6,242.6,234.7,245.4,289.6,302.5,307.5,311.8,340.6,365.1,363.8,355,376,422.3,474.4,526.2,563.2,605.7,653.9,705.4,752.8,696.2,643.4,652.4,707.6,781.6,851.4,885.3,846.7,663.2,783.2,887.2,984.1,1022,1085.5,1101.7,1072.4,1122.7,1208.8
4,      Information processing equipment,0,0,0,0,0,0,0,0,0.1,0.1,0.1,0.1,0.1,0.1,0.1,0.2,0.3,0.4,0.3,0.3,0.2,0.3,0.3,0.3,0.4,0.4,0.4,0.4,0.5,0.3,0.2,0.1,0.1,0.2,0.2,0.3,0.4,0.3,0.4,0.4,0.5,0.3,0.3,0.5,0.7,1.1,1.7,1.8,1.6,1.8,2.1,2.4,2.7,2.4,2.8,3.4,4,3.6,4,4.7,5.1,5.5,6.1,6.8,7.8,9.7,10.1,10.6,12.8,14.3,14.9,16.7,19.9,23.1,23.8,27.5,33.7,42.3,50.3,58.9,69.6,74.2,83.7,101.2,106.6,111.1,112.2,120.8,130.7,129.6,129.2,141.6,152.8,166.4,187.7,203.9,222.5,239.4,258.6,292.3,264.1,234.5,240.4,253.4,264.4,285.6,307.9,303,272.2,303.4,309.1,326.3,338.9,341.2,349.1,350.7,375.6,402.7
5,        Computers and peripheral equipment,0,0,0,0,0,0,0,0,0,0,0,0,0,0,0,0,0,0,0,0,0,0,0,0,0,0,0,0,0,0,0,0,0,0,0,0,0,0,0,0,0,0,0,0,0,0,0,0,0,0,0,0,0,0,0,0,0,0,0,0.2,0.3,0.3,0.7,0.9,1.2,1.7,1.9,1.9,2.4,2.7,2.8,3.5,3.5,3.9,3.6,4.4,5.7,7.6,10.2,12.5,17.1,18.9,23.9,31.6,33.7,33.4,35.8,38,43.1,38.6,37.7,43.6,47.5,51.9,65.5,72.1,81,87.1,96.1,101.7,85.7,77.5,77.6,81.7,81.6,89.7,92.4,90.6,85.5,95.6,91.4,98.7,99.4,97.3,97,95,102.7,113.1
6,        Communication equipment,0,0,0,0,0,0,0,0,0,0,0,0,0,0,0,0.1,0.1,0.1,0.1,0.1,0.1,0.1,0.1,0.1,0.1,0.2,0.1,0.2,0.2,0.1,0.1,0,0,0.1,0.1,0.1,0.2,0.1,0.1,0.2,0.2,0.2,0.1,0.3,0.3,0.4,0.7,0.7,0.6,0.7,0.9,1.1,1.2,1,1.2,1.4,1.7,1.5,1.8,2.3,2.7,3,2.9,3,3.5,4,4.2,4.6,5.7,6.5,6.6,6.6,8.1,9,9.3,10.6,13.7,16.8,20.3,24.2,27.2,28.9,29.5,34,37,39.1,39.2,43.7,43.6,45.2,43.7,46.2,48.7,56.8,63.5,70.8,80,87.1,98.7,123.3,109.1,83.7,82.2,84.9,86.5,96,106.2,100.1,85.8,99.9,103.6,104.8,111,113,117.3,118.6,128.1,132.5
7,        Medical equipment and instruments,0,0,0,0,0,0,0,0,0,0,0,0,0,0,0,0,0,0,0,0,0,0,0,0,0,0,0,0,0,0,0,0,0,0,0,0,0,0,0,0,0,0,0,0,0,0.1,0.1,0.1,0.1,0.1,0.2,0.2,0.1,0.2,0.2,0.2,0.2,0.2,0.2,0.3,0.3,0.3,0.4,0.5,0.5,0.6,0.8,0.8,1.1,1.2,1.5,1.6,2,2.4,2.8,3.3,3.6,4.4,4.8,5.2,6.3,8.3,9.1,10.1,10.4,11.1,12.4,13.5,14.5,16.4,17.8,19.9,22.1,21.4,21.8,23.8,26.4,30.3,32.2,35.2,38.5,43.8,48.5,52.6,61.2,64,72.3,73.2,68.3,71.8,74.7,79.2,84.3,82.9,86.5,87.8,93.1,100.6
8,        Nonmedical instruments,0,0,0,0,0,0,0,0,0,0,0,0,0,0,0,0,0,0,0,0,0,0,0,0,0,0,0,0,0,0,0,0,0,0,0,0,0,0,0,0,0,0,0,0,0.1,0.2,0.2,0.3,0.3,0.3,0.4,0.4,0.4,0.3,0.4,0.5,0.5,0.5,0.5,0.5,0.5,0.4,0.5,0.5,0.6,0.6,0.7,0.7,0.8,0.9,0.9,1.1,1.3,1.7,1.8,2.1,3.5,4.1,4.4,4.9,5.6,6.1,6.3,7.8,8.3,8.6,8.9,9.2,11.7,12.9,13.4,14.3,14.5,15.4,17,17.9,16.6,17,17.1,18.4,19.3,19.7,18.8,20.6,21.7,22.9,26,26.6,22.3,25.2,27.4,31.6,32.6,36.3,36.5,36.9,38.7,43.2
9,        Photocopy and related equipment,0,0,0,0,0,0,0,0,0,0,0,0,0,0,0,0,0,0,0,0,0,0,0,0,0,0,0,0,0,0,0,0,0,0,0,0,0,0,0,0,0,0,0,0,0,0.1,0.1,0.1,0.1,0.1,0.1,0.1,0.2,0.2,0.2,0.2,0.2,0.2,0.2,0.3,0.3,0.4,0.6,0.9,1.1,1.4,1.2,1.3,1.5,1.7,2,2.5,3,3.5,4,4.4,4.3,5.2,5.5,6.4,7.2,7.4,7.3,9.1,8.8,9.3,9.7,10.7,11.7,11.4,12,12.6,14.5,15.3,14.2,13.6,12.6,12.7,10.7,9.8,6.7,4.6,5.2,5.2,4.9,4.2,6.5,7.4,6.1,7.1,8.2,8,7.6,7.4,7.4,8.3,8.5,8.8
10,        Office and accounting equipment,0,0,0,0,0,0,0,0,0,0.1,0.1,0.1,0.1,0.1,0.1,0.1,0.2,0.2,0.2,0.2,0.1,0.1,0.2,0.2,0.2,0.2,0.2,0.2,0.2,0.1,0.1,0.1,0.1,0.1,0.1,0.1,0.2,0.1,0.1,0.2,0.2,0.2,0.1,0.2,0.2,0.4,0.5,0.6,0.5,0.6,0.7,0.7,0.8,0.8,0.9,1,1.3,1.3,1.2,1.2,1,0.9,1,1,1,1.3,1.3,1.2,1.4,1.2,1.1,1.3,1.9,2.6,2.3,2.7,2.8,4.2,5.2,5.7,6.1,4.7,7.6,8.6,8.3,9.7,6.3,5.6,6.1,5,4.6,5.1,5.6,5.7,5.8,5.9,5.8,5.1,3.7,3.9,4.8,5.2,8,8.3,8.5,8.8,4.4,5,4.1,3.9,3.9,4,4,4.3,4.4,4.1,4.4,4.5
11,      Industrial equipment,0.3,0.4,0.4,0.3,0.4,0.4,0.4,0.3,0.4,0.4,0.4,0.4,0.5,0.4,0.4,0.7,1,1,0.9,0.7,0.8,0.9,1.3,1.1,1.2,1.3,1.2,1.3,1.5,1.1,0.7,0.4,0.4,0.6,0.8,1.1,1.4,1,1.1,1.5,1.8,1.5,1.5,1.9,2.6,3.2,4.6,4.6,3.7,4.5,5.7,5.9,6.7,7.1,7.3,8.8,9.6,8.2,8.5,9.4,8.8,9.3,10,11.4,13.7,16.1,16.9,17.3,19.1,20.3,19.5,21.4,26,30.7,31.3,34.1,39.4,47.7,56.2,60.7,65.5,62.7,58.9,68.1,72.5,75.4,76.7,84.2,93.3,92.1,89.3,91.7,101,112.5,127.8,135.5,139,145.7,147.3,160.8,149.7,139.4,141,141.7,159.6,178.6,191,191.2,151.2,152.6,188.3,207.5,205.8,218.6,218.3,214.9,230.5,245.7
12,        Fabricated metal products,0,0,0,0,0,0,0,0,0,0,0,0,0,0,0,0.1,0.1,0.1,0.1,0.1,0.1,0.1,0.1,0.1,0.1,0.1,0.1,0.1,0.1,0.1,0.1,0,0,0.1,0.1,0.1,0.1,0.1,0.1,0.1,0.1,0.1,0.1,0.2,0.2,0.3,0.5,0.5,0.4,0.5,0.7,0.8,0.8,0.9,0.8,0.9,1.1,1,0.9,0.9,0.9,0.8,0.9,1,1.2,1.4,1.4,1.7,2.1,2.6,2.8,3,3.7,4.5,5.3,6.1,6.2,7.1,8.8,9.2,9.9,9.5,9.1,8.7,8.6,8,7.1,8,9,9.2,9.4,9.6,9.3,10,10.8,12.1,10.5,10.9,11.5,11.9,11.9,10.7,11.8,12.6,14.4,17.3,19.8,22.3,16.9,15.6,17.9,20.4,20,21.3,20.9,19.2,20.1,22.1
13,        Engines and turbines,0,0,0,0,0,0,0,0,0,0,0,0,0,0,0,0,0.1,0.1,0.1,0.1,0,0,0,0,0,0,0,0,0.1,0,0,0,0,0,0,0,0.1,0,0.1,0.1,0.1,0,0,0.1,0.2,0.1,0.1,0.2,0.2,0.3,0.2,0.3,0.3,0.5,0.4,0.4,0.6,0.7,0.6,0.6,0.5,0.4,0.4,0.4,0.5,0.5,0.8,0.9,1.1,1.3,1.5,1.7,1.7,1.8,1.7,1.8,1.7,1.8,1.9,1.9,2.3,2,1.8,1.9,2.2,1.9,2.5,2.7,3.3,3.1,3.8,3.7,3.5,3.9,3.3,4,3.7,4.4,5.5,7.1,10.8,11.6,10.3,4.9,5.8,7.4,11.4,12.5,10.7,7.6,11.8,16.4,14.3,13.9,14.8,13.8,15.2,14.9
14,        Metalworking machinery,0,0,0,0,0,0,0,0,0,0,0,0,0,0,0.1,0.1,0.1,0.2,0.2,0.1,0.1,0.1,0.2,0.1,0.1,0.2,0.2,0.2,0.2,0.1,0.1,0,0,0.1,0.1,0.2,0.2,0.1,0.2,0.4,0.6,0.6,0.5,0.5,0.6,0.7,0.8,0.6,0.4,0.7,1,1.1,1.4,1.6,1.3,1.8,1.9,1.2,1.3,1.5,1.4,1.6,1.9,2,2.6,3.3,4.2,3.9,4,4,3.1,3.7,4.9,6.1,6.1,6.4,7.2,9.3,11.6,13.3,14.1,12.2,9.3,11.3,12.5,13.1,12.5,13.9,16.7,16,15.7,16.9,18.6,22.2,26.3,27.3,29.6,29.9,29,29.8,25.4,23,22.7,23.2,26.1,27.6,28.5,29,21.1,20.9,27.4,32.4,32.3,34.3,35.1,33.2,35.6,37.8
15,"        Special industry machinery, n.e.c.",0.1,0.1,0.1,0.1,0.1,0.2,0.2,0.1,0.1,0.2,0.2,0.2,0.2,0.1,0.2,0.3,0.4,0.4,0.4,0.3,0.3,0.4,0.5,0.4,0.4,0.4,0.4,0.4,0.4,0.3,0.2,0.1,0.1,0.2,0.2,0.3,0.3,0.3,0.3,0.3,0.3,0.3,0.2,0.3,0.5,0.7,1.1,1.2,1,1.2,1.4,1.2,1.3,1.2,1.4,1.7,1.7,1.5,1.7,1.9,1.9,2,2.1,2.4,3.1,3.5,3.3,3.5,3.7,3.9,3.8,4.2,4.8,5.4,5.2,5.5,6.1,8.2,9.4,10.5,11.3,11.9,12.4,14.4,15.8,17.1,18.7,20.9,23.7,22.6,21.3,21.4,24,26.1,30.9,32.6,32.7,34.1,34.6,39.3,34.9,30.4,28.8,28.5,30.6,33.4,34.8,32.9,25.5,25.7,36.1,34.7,34.6,37.7,35.4,35.8,39.1,40.4
16,"        General industrial, including materials handling, equipment",0.1,0.1,0.1,0.1,0.1,0.1,0.1,0.1,0.1,0.1,0.1,0.1,0.1,0.1,0.1,0.2,0.3,0.2,0.1,0.1,0.2,0.2,0.3,0.3,0.3,0.4,0.3,0.4,0.5,0.4,0.3,0.2,0.2,0.2,0.3,0.4,0.5,0.3,0.4,0.4,0.5,0.3,0.4,0.6,0.9,0.9,1.3,1.3,1,1.1,1.4,1.3,1.5,1.5,1.9,2.2,2.3,2.1,2.2,2.5,2.3,2.5,2.9,3.4,3.9,4.6,4.3,4.3,5,5.3,5.2,5.5,6.9,8.3,8.5,9.4,12,14.8,17.2,18,19,18.1,16.8,20.3,21.9,24.2,23.6,26,27,27.4,25.8,26.5,31.3,34.5,39.1,41.3,43.1,46.2,44.8,47.6,43.8,43.6,46.9,49.6,57.3,62.8,63.8,62.7,51.1,54.5,63.6,70.3,69.2,75.8,78,77.6,82.9,88.8
17,"        Electrical transmission, distribution, and industrial apparatus",0,0.1,0.1,0,0,0,0,0,0,0,0,0,0,0,0,0.1,0.1,0.1,0.1,0.1,0.1,0.1,0.1,0.1,0.1,0.2,0.1,0.2,0.2,0.1,0.1,0,0,0.1,0.1,0.1,0.2,0.1,0.1,0.2,0.2,0.1,0.1,0.2,0.3,0.4,0.7,0.7,0.6,0.8,1.1,1.2,1.4,1.4,1.4,1.8,2,1.7,1.8,1.9,1.9,1.9,1.9,2.1,2.4,2.9,2.9,2.9,3.1,3.3,3.1,3.3,4,4.7,4.6,4.9,6.1,6.5,7.4,7.9,8.9,9,9.5,11.5,11.5,11.2,12.3,12.8,13.7,14,13.3,13.7,14.2,15.7,17.4,18.2,19.3,20.2,21.9,25,23,20.3,20.5,22.9,25.4,30,32.7,31.8,25.9,28.4,31.6,33.3,35.4,35.6,34.1,35.4,37.5,41.5
18,      Transportation equipment,0.2,0.3,0.3,0.3,0.3,0.4,0.5,0.2,0.2,0.3,0.3,0.7,0.9,0.6,0.7,1.1,1.7,2.8,3.3,4.1,2.7,2.7,3.6,2.1,3.4,2.4,2.1,2.2,2.3,2,1.4,1,1,1.2,1.4,1.7,2,1.5,1.7,2.1,2.4,1.5,1.4,1.5,2.1,3.3,5,5.4,5.7,6.4,6.5,5.7,6.5,5.7,7.1,6.9,7.9,6.5,7.8,8,7.5,9.4,9.1,10.2,12.9,14.3,13.9,17.3,18.4,15.3,17.4,21,25.6,25.2,24.2,29.2,38.2,45.4,51.5,45.6,48.1,44.5,50.8,60.2,61.8,58.4,57.2,64.7,59.4,60.7,64.8,70.4,86.2,105.1,112.8,119.9,129.5,141.8,168.3,160.3,143,129.7,120.2,146.2,168.4,183.5,178.3,139,65.2,128.5,171.8,209.3,229.6,256.7,287.7,273.7,263.8,287.9
19,"        Trucks, buses, and truck trailers",0,0,0,0,0,0,0,0,0,0,0,0.1,0.1,0,0.1,0.1,0.2,0.5,0.4,0.4,0.2,0.3,0.4,0.4,0.5,0.5,0.4,0.4,0.5,0.4,0.2,0.1,0.2,0.3,0.3,0.4,0.4,0.3,0.4,0.5,0.6,0.1,0.1,0.3,0.9,1.2,1.7,2.1,1.8,2.1,2.4,1.9,1.8,1.7,2.4,2.5,2.3,2.1,2.6,2.6,2.7,3.4,3.6,3.7,4.7,5.4,4.9,5.9,7.1,6.2,7.2,9.4,11.2,11.5,9.1,12,16.1,19.8,21.7,17,18,17.6,20.7,28,31.7,28.1,28.4,28.7,28,23.1,21.5,25.8,36.5,50,57.3,63.2,71.2,77.6,87.8,80.3,63.3,58.9,62.4,82.6,97.9,108.1,92.7,61.4,21.3,55.4,86.2,100,115.8,134.9,162.9,170.8,170.1,199
20,          Light trucks (including utility vehicles),0,0,0,0,0,0,0,0,0,0,0,0,0,0,0,0,0.1,0.2,0.2,0.2,0.1,0.1,0.2,0.2,0.2,0.2,0.1,0.2,0.3,0.2,0.1,0.1,0.1,0.1,0.1,0.2,0.2,0.1,0.2,0.2,0.3,0.1,0.1,0.2,0.4,0.5,0.6,0.7,0.6,0.8,0.9,0.7,0.7,0.6,0.9,0.9,0.9,0.8,1,1,1,1.3,1.3,1.4,1.7,2,1.8,2.2,2.6,2.3,2.7,3.5,4.1,4.2,3.3,4.4,5.9,7.3,8,6.2,6.6,6.5,7.6,10.3,11.6,10.2,10.3,11.5,10.2,9.1,9.3,9.7,14.5,24.8,28.3,37.5,47.4,47.7,53.6,50.7,42.4,37.6,41.6,54,63.1,69.7,62.9,36.5,2.2,30.5,52.1,60.1,74.1,88,108.4,126.5,124.7,142.1
21,"          Other trucks, buses, and truck trailers",0,0,0,0,0,0,0,0,0,0,0,0,0,0,0,0.1,0.1,0.3,0.3,0.3,0.1,0.2,0.3,0.3,0.3,0.3,0.3,0.3,0.2,0.2,0.1,0.1,0.1,0.1,0.2,0.3,0.3,0.2,0.2,0.3,0.4,0.1,0.1,0.2,0.6,0.7,1.1,1.4,1.1,1.3,1.5,1.2,1.2,1.1,1.5,1.6,1.5,1.3,1.6,1.6,1.7,2.1,2.3,2.3,2.9,3.4,3.1,3.7,4.5,3.9,4.6,5.9,7,7.3,5.8,7.6,10.2,12.5,13.7,10.7,11.4,11.2,13.1,17.7,20.1,17.9,18.1,17.1,17.8,14,12.2,16.1,21.9,25.1,29,25.6,23.8,30,34.1,29.6,21,21.2,20.8,28.6,34.8,38.4,29.8,24.8,19.1,24.9,34,39.9,41.7,46.9,54.5,44.3,45.4,56.9
22,        Autos,0,0,0,0,0,0,0,0,0,0,0,0.2,0.2,0.3,0.3,0.4,0.6,1.2,2.1,2.7,1.8,1.7,2.2,1,2.2,1.2,1.2,1.2,1.3,1.1,1,0.8,0.8,0.8,0.9,1,1.1,0.9,1,1.1,1.1,0.8,0.8,0.7,0.6,1.4,1.9,2,2.5,3.1,2.5,2.2,3.1,3,3.6,2.6,3.2,3,3.2,3.3,3,3.9,3.6,3.8,4.8,4.5,4.2,5.7,5.9,4.4,6.5,7,7.9,7.3,7.7,10.2,13.3,14.9,14,11.8,14.6,14.7,19.7,21.9,19.8,18.5,16.3,22.2,18.6,21.1,25.9,26.8,31.1,40.1,35.8,37,35.3,35,41.2,37.9,36.4,36.5,30.1,31.5,37,41.6,42.9,30.4,11,31.8,38.2,55.7,54.8,52.9,53.1,42.7,28.9,22.5
23,        Aircraft,0,0,0,0,0,0,0,0,0,0,0,0,0,0,0,0,0,0,0,0,0,0,0,0,0,0,0,0,0,0,0,0,0,0,0,0,0,0,0,0,0,0,0,0,0,0.2,0.1,0.1,0.1,0.1,0.1,0.2,0.2,0.2,0.2,0.4,0.5,0.4,0.9,0.8,0.8,0.8,0.5,0.8,1.3,1.8,2.5,3.7,2.8,2.4,1.3,1.9,3,2.4,2.3,2.4,3.4,4.2,6.9,7.9,7.5,6.9,7,6.4,6.9,8.6,9.3,10,8,11.5,12.7,13.7,13.2,8.7,12.7,12.1,14.5,19.6,28.9,31.6,34.6,25.8,19.1,22.3,21.7,20.8,27.6,30.4,19.8,29.1,33,34.4,36.9,43.3,44.6,40.2,45.3,48.3
24,        Ships and boats,0.1,0.1,0.1,0.1,0.1,0.1,0.1,0,0,0,0,0,0,0,0.1,0.1,0.1,0.1,0.1,0.4,0.3,0.3,0.3,0.1,0.3,0.3,0.2,0.2,0.1,0.1,0.1,0,0,0,0,0.1,0.1,0.1,0.1,0.1,0.2,0.2,0.2,0.1,0.2,0.3,0.6,0.3,0.2,0.2,0.3,0.4,0.3,0.2,0.3,0.4,0.6,0.5,0.5,0.5,0.4,0.4,0.4,0.4,0.5,0.5,0.6,0.8,0.9,0.9,0.9,1.1,1.7,1.6,2.3,2.3,2.5,2.6,3.2,3.5,4.5,3.1,1.9,1.7,1.3,1.5,1.8,1.6,1.5,1.6,1.6,1.2,2.1,1.8,1.8,2.3,2.7,2.8,2.9,3.5,3.2,3.8,4.2,4.8,4.8,4.5,6,7.4,6.8,6.2,5.9,6.5,8.1,8.2,9,7.1,7.5,6.6
25,        Railroad equipment,0.2,0.2,0.3,0.2,0.3,0.4,0.5,0.2,0.2,0.3,0.2,0.4,0.6,0.3,0.2,0.5,0.8,1,0.6,0.6,0.3,0.3,0.7,0.5,0.4,0.4,0.3,0.3,0.4,0.4,0.1,0,0,0.1,0.1,0.2,0.4,0.1,0.2,0.3,0.4,0.4,0.3,0.3,0.3,0.4,0.6,1.1,1.1,0.9,1.2,1.1,1,0.6,0.7,0.9,1.3,0.6,0.6,0.9,0.6,0.9,1,1.4,1.7,2,1.8,1.3,1.8,1.5,1.6,1.5,1.8,2.4,2.8,2.4,2.9,3.9,5.7,5.6,3.5,2.2,1.5,2.2,2,1.7,1.4,2.2,3.3,3.4,3.2,2.9,3.4,4.6,5.2,5.3,5.8,6.7,7.5,7.1,5.4,4.7,4.4,4.9,7,8.4,9.1,9.4,6.3,6,8.5,12.7,14.1,17.3,18.1,13,11.9,11.5
26,      Other equipment,0.1,0.2,0.1,0.2,0.2,0.3,0.5,0.4,0.4,0.5,0.5,0.5,0.5,0.5,0.5,0.6,0.9,1.1,1.1,1.1,0.7,0.8,1.1,1,1.1,1.3,1.3,1.3,1.5,1.2,0.8,0.4,0.4,0.5,0.7,1,1.3,1,1,1.3,1.7,1.3,1,1.6,2.3,2.7,4.2,5.4,4.7,5.1,5.6,5.7,5.7,5.4,6.4,6.9,6.8,7,7.7,7.2,7.2,7.7,9.1,10.2,11.5,13.2,12.8,13.4,14.9,16.2,16.7,19.4,23.7,26.5,28.6,31.3,37.8,45.6,52.1,52.3,59.4,53.3,52,60,61.7,62.5,65.7,70.9,81.7,81.4,71.7,72.3,82.2,90.4,97.9,103.8,114.8,127.1,131.2,139.4,139.4,139.6,150.8,166.4,189.3,203.9,208.2,213.5,174.6,198.7,218,240.9,247.6,269,246.7,233.2,252.9,272.6
27,        Furniture and fixtures,0,0.1,0.1,0.1,0.1,0.1,0.1,0.1,0.1,0.1,0.1,0.1,0.1,0.1,0.1,0.1,0.1,0.1,0.1,0.1,0.1,0.2,0.3,0.3,0.3,0.3,0.3,0.3,0.4,0.3,0.2,0.1,0.1,0.1,0.2,0.2,0.2,0.2,0.2,0.3,0.3,0.3,0.2,0.2,0.3,0.5,0.7,0.7,0.6,0.7,0.9,0.9,0.9,1,1.2,1.3,1.3,1.3,1.4,1.4,1.4,1.4,1.6,1.8,1.9,2.2,2.3,2.3,2.7,2.7,2.6,3.4,3.9,3.9,3.7,4.2,5.6,6.9,8,9,10,11,12.2,14.5,15.7,16.7,18.4,18.8,21.6,21,18.9,20.7,21.2,22.4,24.3,25.4,29.6,33.4,36.3,39.2,37.1,35.8,36.5,38.5,42.4,43.7,41.9,41.2,31.4,31.5,35.1,37.3,37.6,39.8,43,44.6,47.7,49.8
28,        Agricultural machinery,0.1,0.1,0.1,0.1,0.1,0.1,0.1,0.1,0.1,0.1,0.1,0.1,0.2,0.2,0.2,0.2,0.2,0.4,0.4,0.4,0.2,0.2,0.3,0.2,0.3,0.3,0.4,0.3,0.4,0.4,0.2,0.1,0.1,0.1,0.2,0.3,0.4,0.4,0.3,0.4,0.6,0.4,0.2,0.6,0.7,0.5,1,1.5,1.6,1.7,1.8,1.7,1.6,1.4,1.6,1.4,1.4,1.8,1.9,1.6,1.6,1.8,2.2,2.5,2.7,3.3,3.4,3.3,3.4,4,3.9,4.8,6.4,6.8,8.5,8.8,9.5,10.7,12.7,11.6,12.6,9.5,8.5,9.1,7.3,6.8,6.6,9,11,12.5,10.6,9.4,10.8,12.3,12.7,12.8,15.2,15.8,11.4,12.7,13.7,15.9,17.4,19.7,21.6,20.6,21.2,24.7,25.5,23.8,26.5,35.2,41.9,47.6,36.9,29.6,32.1,37.8
29,        Construction machinery,0,0,0,0,0,0,0,0,0,0,0,0,0,0,0,0,0,0.1,0.1,0.1,0,0,0.1,0.1,0.1,0.1,0.1,0.1,0.1,0.1,0.1,0,0,0,0.1,0.1,0.1,0.1,0.1,0.1,0.2,0.1,0.1,0.1,0.4,0.5,0.6,0.8,0.6,0.7,0.8,0.9,0.8,0.7,1,1.3,1,1.1,1.3,1.1,1.1,1.1,1.5,1.9,2.2,2.5,2.3,2.5,2.9,2.9,3,3.7,4.6,5.5,5.5,5.6,8.1,10.7,10.9,9.4,9.7,6.5,7.3,9.9,10.9,10.8,10.2,10.3,13.2,13.6,9,9,11.7,13.5,15.3,17.5,19,21.7,22.4,22.9,20.5,19.2,20.5,24.4,31.4,36.7,35.6,38.4,21.8,39.9,40.5,44.1,41.1,46,39.6,38.7,43.2,48.5
30,        Mining and oilfield machinery,0,0,0,0,0,0,0,0,0,0,0,0,0,0,0,0.1,0.1,0.1,0.1,0.1,0.1,0.1,0.1,0.1,0.1,0.1,0.1,0.1,0.1,0.1,0,0,0,0.1,0.1,0.1,0.1,0.1,0.1,0.1,0.2,0.1,0.1,0.2,0.3,0.2,0.2,0.3,0.3,0.3,0.4,0.5,0.4,0.4,0.6,0.6,0.6,0.4,0.5,0.5,0.4,0.4,0.5,0.6,0.7,0.7,0.6,0.6,0.7,0.9,1.1,0.9,1.1,1.7,2.7,3,3.6,3.6,3.9,4.5,7.6,5.6,3.2,2.8,2.5,1.3,1.2,1.5,1.9,1.8,1.4,1.1,2.3,2.3,2.5,2.7,3.3,3.3,4.9,4.8,5.5,3.5,4.4,5.5,8,12.3,17.3,19,16.6,19.5,25.8,35.2,34,36.4,24.9,17.9,22.9,22.2
31,        Service industry machinery,0,0,0,0,0.1,0.1,0.1,0,0.1,0.1,0.1,0.1,0.1,0.1,0.1,0.1,0.1,0.2,0.1,0.1,0.1,0.1,0.1,0.1,0.1,0.2,0.2,0.2,0.2,0.1,0.1,0.1,0.1,0.1,0.1,0.1,0.2,0.1,0.1,0.2,0.2,0.2,0.2,0.2,0.3,0.5,1,1.4,0.9,1,0.9,1,1.1,1.1,1.2,1.4,1.5,1.3,1.3,1.3,1.3,1.4,1.4,1.5,1.8,2.1,2.1,2.3,2.6,2.7,2.8,2.9,3.1,3.3,3.1,3.7,4.2,5,5.9,6.5,7,7.3,7.6,9.1,9.9,10.2,11.2,11.7,12.9,11.7,11.2,11.1,11.9,13.1,14.2,14.8,14.8,16.8,18.3,19,19.9,19.5,20.4,21.8,24.2,25.2,26.5,25.4,23.9,26.7,28.7,30.5,29.5,32.4,33.9,35.3,38.9,40.9
32,"        Electrical equipment, n.e.c.",0,0,0,0,0,0,0,0,0,0,0,0,0,0,0,0,0,0,0,0,0,0,0,0,0,0,0,0,0.1,0,0,0,0,0,0,0,0.1,0,0,0.1,0.1,0,0,0.1,0.1,0.1,0.2,0.2,0.2,0.2,0.2,0.2,0.2,0.2,0.2,0.2,0.2,0.2,0.2,0.2,0.2,0.3,0.3,0.4,0.4,0.4,0.3,0.4,0.4,0.5,0.5,0.6,0.8,0.8,0.9,1,1.1,1.6,2.1,2.5,2.8,2.4,2.5,2.8,2.9,3.1,3.2,3.6,3.6,3.3,2.8,2.9,2.9,3,3.3,3.2,3.6,4.3,4.1,4.3,4.7,5,5.2,6.3,6,6,5.2,5.5,4.4,5,5.2,6.3,7.3,7.1,7.4,7.2,7.8,8.6
33,        Other nonresidential equipment,0,0,0,0,0,0,0.2,0.2,0.2,0.2,0.2,0.2,0.2,0.2,0.1,0.2,0.3,0.3,0.3,0.3,0.2,0.2,0.2,0.2,0.2,0.2,0.2,0.2,0.2,0.1,0.1,0.1,0.1,0.1,0.1,0.1,0.1,0.1,0.1,0.1,0.2,0.1,0.1,0.2,0.2,0.3,0.5,0.5,0.5,0.5,0.5,0.5,0.6,0.6,0.7,0.7,0.7,0.8,1,1.1,1.2,1.3,1.4,1.6,1.7,2,1.8,2,2.2,2.5,2.7,3.1,3.8,4.5,4.3,4.9,5.8,7,8.6,8.8,9.7,10.9,10.8,11.8,12.5,13.6,14.8,16,17.5,17.7,17.8,18.2,21.4,23.7,25.6,27.4,29.3,31.8,33.8,36.4,37.9,40.8,46.3,50.1,55.7,59.4,60.6,59.3,51.1,52.4,56.3,52.4,56.4,59.8,61,59.9,60.3,64.6
34,  Residential equipment,0,0,0,0,0,0,0,0,0,0,0,0,0,0,0,0,0,0,0,0.1,0,0,0.1,0.1,0.1,0.1,0.1,0.1,0.1,0.1,0.1,0,0,0.1,0.1,0.1,0.1,0.1,0.1,0.1,0.1,0.1,0,0,0,0.2,0.3,0.3,0.3,0.4,0.4,0.4,0.4,0.4,0.4,0.5,0.5,0.5,0.6,0.5,0.5,0.5,0.6,0.6,0.7,0.7,0.7,0.9,1,1.1,1.3,1.5,1.7,1.9,1.9,2.1,2.4,2.7,3.2,3.4,3.6,3.7,4.2,4.7,5.1,5.5,5.8,6.1,6.1,6,5.7,5.9,6.1,6.2,6.3,6.3,6.3,6.7,7.3,7.7,7.8,8,8.3,9,9.6,10,9.9,9.6,8.8,9.2,9.8,10.5,11,11.3,11.7,12.1,12.5,12.9
35,Structures,2.1,2.5,2.7,2.6,3.1,3.3,3.4,3.1,3.7,3.7,3.6,3.8,3.8,3.2,3,3.7,3.5,3.1,4.6,5.8,5.2,6.9,8.8,9.6,10.3,11.1,10.7,10.2,9.5,6.9,4.5,2.3,1.8,2.3,2.8,3.7,4.8,4.4,5.4,6.2,7.3,4.5,3.3,3.8,5.1,14.5,19.6,25,23.9,30.5,30.4,30.9,33,35,40,41.8,41.1,39.8,46.2,45.8,46.2,49.9,53.3,58,62.4,63.1,63.7,71.9,80.1,81.3,98.2,116.8,130,126.4,124.6,147.8,184.3,224.8,257.2,256.8,285.3,277.3,304.7,358.9,389.9,404.5,420.1,431.3,440.5,437.8,395,413.6,454,497.9,521.9,576.8,618.4,685.3,736,792.4,831.4,827.9,906.8,1039.4,1190,1241.1,1174.3,1057.8,817.9,733.2,760.6,882.9,975.7,1109.8,1174.9,1211.4,1309,1385
36,  Nonresidential structures,1.3,1.6,1.8,1.6,1.6,1.8,2,1.8,2,2.3,2.2,2.4,2.3,1.8,1.5,2.1,2.3,2.3,2.8,4.2,2.9,3.3,4.1,4.3,4.5,5.3,5.3,5.2,5.5,4.5,2.7,1.4,1.1,1.3,1.5,1.9,2.7,2.2,2.3,2.6,3.1,2.2,1.7,2.3,3.3,6.6,7.5,9.3,9.1,9.9,11.9,12.2,13.6,13.8,15,18.2,18.9,17.4,18.1,19.5,19.7,20.8,21,23.6,27.9,30.4,30.7,32.6,36.8,39,41.3,46,53.5,58.8,59.8,63.1,71.4,89.5,112.5,130.6,160.5,170.1,147.8,173.2,194.8,175.2,176.1,181.2,190.6,204.1,179.6,164.8,173.3,180.2,204.1,225.1,249.1,273.2,281.5,314.7,326.2,278.3,278,298.6,343.4,413,493.7,551.4,436.7,365.8,391.5,461.4,476.7,561,552.9,525.1,565.8,611.2
37,    Commercial and health care,0.2,0.3,0.3,0.2,0.2,0.2,0.3,0.2,0.3,0.3,0.4,0.4,0.4,0.3,0.2,0.4,0.3,0.3,0.3,0.7,0.6,0.7,0.8,0.9,1,1.2,1.3,1.3,1.2,1,0.5,0.3,0.1,0.2,0.2,0.3,0.4,0.3,0.3,0.4,0.5,0.2,0,0.1,0.2,1.3,1.1,1.6,1.4,1.8,2,1.6,2.1,2.6,3.5,4.2,4.2,4.2,4.5,4.8,5.5,6.1,6,6.7,8.1,8.2,8.2,9.4,11.7,12.5,14.9,17.5,19.8,20.6,17.6,18,20.2,25.3,33.5,40.9,48.2,55.7,55.7,70.5,84,80.7,80.6,86.1,88,87.2,68.6,63.9,68.8,74.8,82.5,91,104.2,115.3,124.7,138.6,139.4,118.5,113.9,124.5,135.4,155.6,180.2,180.3,125.3,90.6,92.1,102.5,108.7,126.3,142.3,169.8,179.1,185.9
38,      Office 1,0,0.1,0.1,0.1,0.1,0.1,0.1,0.1,0.1,0.1,0.1,0.1,0.1,0.1,0.1,0.1,0.1,0.1,0.1,0.2,0.2,0.2,0.2,0.2,0.3,0.3,0.3,0.4,0.5,0.4,0.2,0.1,0.1,0.1,0.1,0.1,0.2,0.1,0.1,0.2,0.2,0.1,0,0,0.1,0.5,0.4,0.6,0.5,0.6,0.7,0.5,0.8,1,1.4,1.7,1.6,1.6,1.7,1.8,2,2.2,2.2,2.4,2.9,3,3,3.4,4.1,4.3,5.2,5.4,6.2,6.5,5.4,5.3,6,7.7,11.2,15.7,20.5,26.8,24.7,31,38,34.8,32.4,34.1,34.5,32.8,26.1,21.9,22.8,24.3,28,30.7,37.7,46.1,51.4,59.9,59.5,40.1,34.6,37.4,42.6,52.1,61.1,63,42.1,27.3,26.7,30.9,34.1,44.2,54,67.9,66.6,72.2
39,      Health care,0,0,0,0,0,0,0,0,0,0,0,0,0,0,0,0,0,0,0,0.1,0.1,0.1,0.1,0.1,0.1,0.1,0.1,0.1,0.2,0.2,0.1,0,0,0,0,0,0.1,0,0,0.1,0.1,0,0,0,0,0.1,0.2,0.2,0.3,0.4,0.5,0.5,0.4,0.5,0.5,0.5,0.7,0.8,0.8,0.8,1,1.3,1.3,1.6,1.7,1.8,1.7,2,2.7,3.2,3.7,4.1,4.3,4.5,4.4,4.7,4.8,5.2,5.9,7.3,9.1,12.5,13.4,13.9,13.9,13.3,13.8,15.7,15.9,16.9,15.4,15.4,16.7,16.6,15.9,16.8,19.6,20,20.7,21.9,22,25.2,27.3,29.6,32.1,36,40.1,43.3,39.7,33.3,32.5,35.4,33.4,32.5,34.3,35.5,36.7,37
40,        Hospitals and special care,0,0,0,0,0,0,0,0,0,0,0,0,0,0,0,0,0,0,0,0,0,0.1,0.1,0.1,0.1,0.1,0.1,0.1,0.1,0.1,0.1,0,0,0,0,0,0,0,0,0,0,0,0,0,0,0.1,0.1,0.1,0.2,0.3,0.4,0.4,0.3,0.3,0.3,0.3,0.5,0.6,0.6,0.6,0.8,1,1,1.3,1.4,1.4,1.3,1.6,2.2,2.6,3.1,3.5,3.6,3.7,3.8,4.1,4.1,4.3,4.6,5.4,6.6,9.2,10.4,10.2,9.3,9.1,9.9,11.6,11.8,13,12.2,12.8,13.9,13.7,12.5,13.1,15.1,15.4,15.2,16.2,16.7,19.7,20.4,21,23,28,31.1,32.9,31.3,27.3,26.4,28.2,25.5,24.4,26.5,26.6,27,27.4
41,          Hospitals,0,0,0,0,0,0,0,0,0,0,0,0,0,0,0,0,0,0,0,0,0,0,0,0.1,0.1,0.1,0.1,0.1,0.1,0.1,0.1,0,0,0,0,0,0,0,0,0,0,0,0,0,0,0.1,0.1,0.1,0.2,0.3,0.3,0.3,0.3,0.3,0.3,0.3,0.4,0.5,0.5,0.5,0.6,0.8,0.8,1,1.1,1.1,1.1,1.3,1.8,2.1,2.5,2.8,2.9,3,3.1,3.3,3.3,3.4,3.7,4.4,5.3,7.4,8.4,8.2,7.5,7.4,8,9.4,9.5,10.5,9.8,10.3,11.2,11.2,9.9,9.4,11.2,10.7,10.7,11.5,12.7,15.7,17.1,18.2,20.5,24.7,27.6,28.8,27.8,24.2,23.1,23.9,21.6,19.9,21.8,22.2,22.6,23.4
42,          Special care,0,0,0,0,0,0,0,0,0,0,0,0,0,0,0,0,0,0,0,0,0,0,0,0,0,0,0,0,0,0,0,0,0,0,0,0,0,0,0,0,0,0,0,0,0,0,0,0,0,0.1,0.1,0.1,0.1,0.1,0.1,0.1,0.1,0.1,0.1,0.1,0.1,0.2,0.2,0.3,0.3,0.3,0.3,0.3,0.4,0.5,0.6,0.7,0.7,0.7,0.7,0.8,0.8,0.8,0.9,1,1.3,1.8,2,2,1.8,1.8,1.9,2.3,2.3,2.5,2.4,2.5,2.7,2.4,2.7,3.8,3.9,4.7,4.5,4.7,4,4,3.3,2.8,2.5,3.3,3.5,4.1,3.4,3.1,3.4,4.3,3.9,4.5,4.7,4.4,4.4,4
43,        Medical buildings,0,0,0,0,0,0,0,0,0,0,0,0,0,0,0,0,0,0,0,0,0,0,0,0,0,0,0,0,0.1,0,0,0,0,0,0,0,0,0,0,0,0,0,0,0,0,0.1,0.1,0.1,0.1,0.1,0.1,0.1,0.1,0.1,0.2,0.2,0.2,0.2,0.2,0.2,0.2,0.3,0.3,0.3,0.4,0.4,0.4,0.4,0.5,0.5,0.6,0.6,0.7,0.8,0.6,0.6,0.7,0.9,1.3,1.9,2.5,3.3,3,3.8,4.6,4.2,3.9,4.1,4.1,3.9,3.2,2.6,2.7,2.9,3.3,3.6,4.5,4.6,5.5,5.7,5.2,5.5,6.8,8.6,9,8.1,9,10.4,8.5,5.9,6.1,7.2,7.9,8.1,7.9,8.8,9.8,9.6
44,      Multimerchandise shopping,0,0.1,0.1,0,0,0.1,0.1,0.1,0.1,0.1,0.1,0.1,0.1,0.1,0,0.1,0.1,0,0.1,0.2,0.1,0.1,0.2,0.2,0.2,0.3,0.3,0.3,0.2,0.2,0.1,0,0,0,0,0.1,0.1,0.1,0.1,0.1,0.1,0,0,0,0,0.2,0.2,0.3,0.2,0.3,0.3,0.2,0.3,0.4,0.6,0.7,0.7,0.7,0.7,0.8,0.9,1,0.9,1,1.3,1.3,1.3,1.5,1.8,1.9,2.2,3,3.4,3.6,2.9,2.9,3.5,4.5,6,6.5,6.8,6,6.4,9.3,11.7,11.9,12.6,13.2,13.7,13.7,9.9,9.8,10.9,11.4,11.2,12.7,11.5,12.7,14.8,14.6,16.2,15.6,15.4,18.8,22.8,29.2,34.8,32,18.4,12.5,13.4,14.9,16.7,19.5,19.6,22.1,24.7,22.2
45,      Food and beverage establishments,0,0,0,0,0,0,0,0,0,0,0,0,0,0,0,0,0,0,0,0.1,0.1,0.1,0.1,0.1,0.1,0.2,0.2,0.2,0.1,0.1,0,0,0,0,0,0,0,0,0,0,0,0,0,0,0,0.1,0.1,0.1,0.1,0.1,0.2,0.1,0.2,0.2,0.3,0.4,0.4,0.4,0.4,0.4,0.5,0.5,0.5,0.5,0.7,0.7,0.7,0.8,1,1,1.2,1.6,1.9,1.9,1.5,1.6,1.9,2.4,3.2,3.5,3.6,3.2,3.5,5,6.3,6.4,6.8,7.2,7.4,7.4,5.4,5.3,5.9,5.7,6.7,7.1,8.1,8.7,8,8.6,8.7,7.9,8.4,8.2,7.8,7.4,8,8,4.9,4.6,5.3,5.8,6.6,7.2,7.2,8.2,8.2,8.2
46,      Warehouses,0,0,0,0,0,0,0,0,0,0,0.1,0.1,0.1,0,0,0.1,0.1,0.1,0.1,0.1,0,0.1,0.1,0.1,0.1,0.1,0.1,0.1,0.1,0.1,0,0,0,0,0,0,0,0,0,0,0,0,0,0,0,0.1,0.1,0.1,0.1,0.1,0.1,0.1,0.2,0.2,0.3,0.3,0.3,0.3,0.3,0.4,0.4,0.4,0.4,0.5,0.6,0.6,0.6,0.7,0.8,0.8,1,1.3,1.5,1.6,1.3,1.3,1.6,2,2.7,3,3,2.7,2.9,4.2,5.3,5.4,5.7,6,6.2,6.2,4.5,4.4,4.9,5.9,8.7,10.9,11.9,12.2,13.3,14.5,15.5,11.9,12.3,12.1,12.8,14.5,16.9,16.7,9.7,5.7,6.5,7,8.8,13.7,16.6,22.6,29.6,33.8
47,      Other commercial 2,0,0,0,0,0,0,0,0,0.1,0.1,0,0.1,0.1,0,0,0,0,0,0,0.1,0.1,0.1,0.1,0.1,0.2,0.2,0.2,0.2,0.2,0.1,0.1,0,0,0,0,0,0.1,0,0,0,0.1,0,0,0,0,0.2,0.1,0.2,0.2,0.2,0.2,0.2,0.3,0.3,0.5,0.6,0.5,0.5,0.6,0.6,0.7,0.7,0.7,0.8,0.9,1,1,1.1,1.3,1.4,1.6,2.1,2.5,2.6,2.1,2.1,2.5,3.4,4.5,4.9,5.2,4.6,4.9,7,8.8,8.9,9.4,9.9,10.3,10.2,7.4,7.1,7.8,11,11.9,12.8,15.4,15.6,16.5,19.1,17.5,17.8,15.9,18.4,17.4,16.3,19.3,17.3,10.4,7.3,7.7,8.4,9.1,9.2,10.5,13.6,13.2,12.7
48,    Manufacturing,0.1,0.2,0.2,0.2,0.2,0.2,0.2,0.2,0.3,0.3,0.3,0.4,0.3,0.2,0.2,0.3,0.3,0.3,0.5,1.1,0.6,0.5,0.7,0.6,0.5,0.7,0.7,0.8,0.9,0.5,0.2,0.1,0.2,0.2,0.2,0.3,0.5,0.2,0.3,0.4,0.8,0.3,0.2,0.2,0.6,1.7,1.7,1.4,1,1.1,2.1,2.3,2.2,2,2.3,3.2,3.5,2.4,2.1,2.8,2.8,2.8,2.9,3.5,5.1,6.5,5.9,6,6.8,7,6.2,5.9,7.9,10,10.5,10.1,11,16.1,22,20.5,25.4,26,19.4,20.8,24.1,20.9,21.1,23.1,28.7,33.5,31.3,28.7,23.3,28.7,35.2,37.9,37.6,40.2,34.8,37.3,37.5,22.4,21,22.9,28.2,32,39.6,52.3,56.2,39.7,39.1,46.3,49.4,57.7,78.8,75.2,65.2,64.1
49,    Power and communication,0.1,0.2,0.2,0.2,0.2,0.2,0.3,0.2,0.3,0.3,0.3,0.4,0.2,0.2,0.2,0.3,0.3,0.2,0.3,0.5,0.4,0.5,0.8,0.9,0.8,0.9,0.9,0.8,1,1,0.7,0.3,0.2,0.2,0.2,0.4,0.5,0.5,0.5,0.6,0.6,0.6,0.4,0.5,0.6,1,1.8,2.4,2.7,2.8,3,3.1,3.6,3.3,3.3,4.1,4.5,4.4,4.3,4.3,4,4,4.1,4.5,5.1,5.5,6.5,7.6,7.9,9.1,9.7,10.9,12.5,12.9,14.4,15.6,16.5,17.8,19.8,22.1,23.4,22.5,19.5,22.8,27.5,27.6,27.9,24.2,25.2,28.2,28,27.1,30.4,25.9,31.4,31.4,29.6,34.2,40.1,46.9,49.8,48.2,46,41.7,48,55.8,81.3,94.6,92.8,82.6,81.6,99.7,98,115.8,112.5,113.7,115.1,118.2
50,      Power,0.1,0.1,0.1,0.1,0.2,0.2,0.2,0.2,0.2,0.3,0.3,0.3,0.2,0.2,0.2,0.2,0.2,0.2,0.2,0.4,0.3,0.4,0.6,0.7,0.6,0.6,0.7,0.6,0.6,0.7,0.5,0.2,0.1,0.2,0.2,0.3,0.4,0.4,0.4,0.5,0.4,0.4,0.3,0.4,0.4,0.7,1.3,1.7,2.1,2.3,2.5,2.5,3,2.7,2.5,3,3.4,3.5,3.3,3.2,3.1,3,3,3.2,3.6,3.9,4.9,5.9,5.7,6.1,6.7,7.7,8.5,8.7,10.6,11.7,12,12.2,13,14.4,15.3,14.1,12,14.8,19.2,18.6,18.8,14.7,15.6,18.4,19.1,18.1,20.8,15.8,20.3,19.6,17.2,21.7,21.7,28.1,30.2,29.8,31.5,26.3,29.2,33.6,53.9,68.3,73,64.9,64.1,83.7,80.3,98.7,91,91.7,90.4,93.8
51,        Electric,0,0.1,0.1,0.1,0.1,0.1,0.1,0.1,0.1,0.1,0.2,0.2,0.1,0.1,0.1,0.1,0.1,0.1,0.2,0.3,0.2,0.2,0.4,0.5,0.4,0.4,0.4,0.3,0.3,0.4,0.2,0.1,0.1,0.1,0.1,0.1,0.2,0.3,0.3,0.3,0.2,0.3,0.1,0.2,0.2,0.4,0.8,1,1.3,1.2,1.3,1.5,1.8,1.7,1.5,1.8,2.2,2.3,2,2,1.8,1.8,1.8,1.9,2.2,2.2,3.1,3.5,3.8,4.2,4.7,5.5,6.3,6,7.1,7.2,9,9.4,9.5,10.2,10.5,10,9,11.8,15.5,15.1,15.2,10.6,10.8,13.2,12.8,10.4,14.2,10.1,13.1,13.9,12.2,13.1,15.3,22.2,24.2,22.5,24.1,19.6,22.7,26.2,41.2,51.8,57.4,47.8,50.1,66.3,53.5,70.5,66.6,71.3,69.7,70.5
52,        Other power,0.1,0.1,0.1,0.1,0.1,0.1,0.1,0.1,0.1,0.1,0.1,0.1,0.1,0.1,0.1,0.1,0.1,0,0.1,0.1,0.1,0.2,0.2,0.3,0.2,0.3,0.3,0.3,0.3,0.3,0.3,0.1,0.1,0.1,0.1,0.2,0.2,0.1,0.1,0.2,0.2,0.2,0.2,0.2,0.2,0.3,0.6,0.7,0.8,1.1,1.2,1,1.2,1,1,1.2,1.3,1.2,1.4,1.3,1.3,1.2,1.2,1.3,1.4,1.7,1.8,2.3,2,1.9,2,2.1,2.3,2.7,3.5,4.5,3,2.8,3.4,4.2,4.8,4.1,2.9,3,3.7,3.5,3.6,4,4.7,5.2,6.3,7.8,6.6,5.7,7.2,5.7,5,8.6,6.4,5.9,6,7.3,7.4,6.7,6.5,7.4,12.7,16.4,15.7,17.1,14,17.4,26.9,28.2,24.4,20.4,20.7,23.3
53,      Communication,0,0,0,0,0.1,0.1,0.1,0,0,0.1,0.1,0.1,0.1,0.1,0,0.1,0.1,0.1,0.1,0.1,0.1,0.1,0.2,0.2,0.2,0.2,0.2,0.2,0.4,0.3,0.2,0.1,0,0,0.1,0.1,0.1,0.1,0.1,0.1,0.2,0.2,0.1,0.1,0.1,0.3,0.5,0.7,0.5,0.4,0.5,0.6,0.6,0.7,0.8,1.1,1.1,0.9,0.9,1.1,1,1,1.1,1.3,1.5,1.6,1.6,1.7,2.2,2.9,3,3.3,3.9,4.2,3.8,3.9,4.5,5.6,6.9,7.7,8.2,8.5,7.6,8,8.3,9,9.2,9.6,9.6,9.8,9,9,9.6,10.1,11.1,11.8,12.4,12.5,18.4,18.8,19.6,18.4,14.5,15.5,18.8,22.2,27.5,26.3,19.7,17.7,17.5,16,17.6,17.1,21.5,22,24.7,24.5
54,"    Mining exploration, shafts, and wells",0.1,0.1,0.1,0.1,0.1,0.1,0.1,0.1,0.1,0.1,0.1,0.1,0.2,0.1,0.1,0.2,0.3,0.3,0.4,0.5,0.3,0.3,0.4,0.3,0.4,0.4,0.4,0.4,0.5,0.3,0.2,0.2,0.2,0.2,0.3,0.3,0.6,0.4,0.4,0.5,0.5,0.4,0.4,0.6,0.7,0.8,0.9,1.2,1.2,1.4,1.7,1.9,2.1,2.3,2.5,2.6,2.6,2.4,2.5,2.3,2.3,2.5,2.2,2.4,2.4,2.4,2.4,2.6,2.8,2.8,2.7,3.1,3.5,5.2,7.3,8.6,11.4,15.4,19,27.4,42.4,44.7,30,31.2,27.9,15.6,13,15.7,14.9,17.9,18.5,14.1,16.5,16.3,15,16.7,22.4,22.2,18.2,23.6,34.5,30.1,38.3,47.2,69.3,95.9,102,120.1,78.9,93.2,124.5,152.7,155.4,188.2,136.7,74.5,108.8,137.7
55,      Petroleum and natural gas,0,0.1,0.1,0.1,0.1,0.1,0.1,0.1,0.1,0.1,0.1,0.1,0.1,0.1,0.1,0.2,0.2,0.3,0.3,0.5,0.3,0.3,0.3,0.3,0.4,0.4,0.4,0.4,0.4,0.3,0.2,0.2,0.2,0.2,0.3,0.3,0.5,0.4,0.4,0.4,0.5,0.3,0.4,0.6,0.7,0.7,0.8,1.2,1.2,1.4,1.6,1.9,2,2.2,2.4,2.6,2.5,2.3,2.4,2.2,2.2,2.3,2.1,2.2,2.3,2.3,2.3,2.3,2.5,2.5,2.3,2.7,3,4.5,6.5,7.5,10.1,14.1,17.7,25.6,39.9,42.7,28.4,29.5,26.2,14.6,12.2,14.8,13.9,16.7,17.2,12.8,15.2,14.5,13.7,15.2,21,21.1,17.2,22.3,33.3,27.8,36.2,43.6,64.3,87.9,94.6,113.1,73.2,86.4,113.3,141.7,143.8,177.5,126.7,68.7,101.7,130.9
56,      Mining,0,0,0,0,0,0,0,0,0,0,0,0,0,0,0,0,0,0,0,0,0,0,0,0,0,0,0,0,0,0,0,0,0,0,0,0,0,0,0,0,0,0,0,0,0,0,0.1,0.1,0.1,0.1,0.1,0.1,0.1,0.1,0.1,0.1,0.1,0.1,0.1,0.1,0.1,0.1,0.2,0.2,0.2,0.2,0.2,0.2,0.3,0.3,0.3,0.4,0.5,0.7,0.9,1.1,1.4,1.3,1.4,1.8,2.5,2.1,1.5,1.7,1.7,1.1,0.8,0.9,1,1.1,1.3,1.3,1.3,1.8,1.3,1.5,1.4,1.1,1,1.3,1.3,2.3,2.1,3.6,5,8,7.4,7,5.7,6.8,11.2,11,11.6,10.6,10,5.8,7.1,6.8
57,    Other structures,0.8,0.9,1,1,1,1,1.2,1,1.2,1.4,1.2,1.1,1.2,1,0.8,0.9,1.1,1.1,1.2,1.3,1.1,1.3,1.6,1.6,1.8,2.1,2,1.9,1.9,1.7,1.1,0.6,0.4,0.5,0.5,0.7,0.8,0.7,0.8,0.7,0.8,0.7,0.7,0.9,1.1,2,1.9,2.7,2.8,2.8,3.2,3.3,3.5,3.6,3.5,4,4.1,4.1,4.7,5.2,5.1,5.4,5.8,6.4,7.3,7.7,7.7,7.1,7.6,7.7,7.9,8.6,9.9,10.2,10,10.9,12.2,14.9,18.2,19.8,21.1,21.1,23.2,27.9,31.4,30.4,33.4,32,33.8,37.4,33.2,30.9,34.3,34.6,40.1,48.1,55.4,61.2,63.8,68.3,65,59.1,58.8,62.2,62.4,73.7,90.5,104,83.5,59.6,54.3,60.3,65.3,72.9,82.5,92,97.5,105.2
58,      Religious,0,0,0,0,0,0,0,0,0,0,0,0,0,0,0,0,0,0,0,0.1,0.1,0.1,0.1,0.1,0.2,0.2,0.2,0.2,0.1,0.1,0.1,0,0,0,0,0,0,0.1,0,0.1,0.1,0,0,0,0,0.1,0.1,0.3,0.4,0.4,0.5,0.4,0.5,0.6,0.7,0.8,0.9,0.9,0.9,1,1,1,1,1,1.2,1.1,1.1,1.1,1,0.9,0.8,0.9,0.8,0.9,0.9,1,1.1,1.4,1.7,1.9,2,1.9,2.3,2.7,3.1,3.5,3.7,3.9,4.3,4.1,3.8,3.4,3.8,3.8,4.2,4.4,5.6,6.5,7.2,7.9,8.3,8.3,8.6,8.2,7.7,7.7,7.5,7.2,6.2,5.2,4.2,3.8,3.6,3.4,3.6,3.7,3.4,3
59,      Educational and vocational,0,0,0,0,0,0,0,0,0,0,0,0,0,0,0,0,0,0,0,0,0,0.1,0.1,0.1,0.1,0.1,0.1,0.1,0.1,0.1,0.1,0.1,0,0,0,0,0,0,0,0.1,0.1,0,0,0,0,0.1,0.2,0.3,0.3,0.3,0.3,0.4,0.4,0.5,0.5,0.6,0.5,0.6,0.5,0.6,0.6,0.7,0.7,0.8,0.8,1,1,1.1,1.1,0.9,1,1.1,1,0.7,0.7,0.7,0.7,0.9,1.1,1.6,1.7,1.9,2.1,2.3,2.7,3.2,4.7,3.8,4.3,4.8,4.9,5.1,5.3,5.5,6.2,7.6,9.8,10.9,10.4,12.7,13.8,14.2,14.3,13.6,13.9,14.6,17.1,18.2,17.5,14.2,14.2,16.3,15.4,15.4,16.1,18,18.9,19.5
60,      Lodging,0,0,0,0,0,0,0,0,0,0,0,0,0,0,0,0,0,0,0,0.1,0.1,0.1,0.1,0.2,0.2,0.3,0.2,0.2,0.2,0.1,0.1,0,0,0,0,0,0.1,0.1,0.1,0.1,0.1,0,0,0,0,0.1,0.1,0.2,0.2,0.2,0.2,0.2,0.2,0.3,0.2,0.3,0.3,0.4,0.5,0.6,0.7,0.7,0.9,1.4,1.4,1.4,1.2,1.2,1.3,1.3,1.4,2,2.3,1.7,1.1,0.9,1,1.3,2.5,3.5,4.4,4.5,5.7,7.4,8.1,8.3,8.5,7.9,8.9,10.8,7.5,4.6,5.7,5.8,8.8,13.5,16,18.3,19.8,20.2,18,13,12.3,14.8,15.7,21.8,34,43.8,31.4,13.9,10.4,12.6,16.1,20.2,26.4,32.8,34.6,38.1
61,      Amusement and recreation,0,0,0,0,0,0,0,0,0,0,0,0.1,0,0.1,0.1,0.1,0.1,0,0.1,0.1,0.2,0.2,0.2,0.2,0.3,0.4,0.3,0.3,0.2,0.2,0.1,0.1,0.1,0.1,0.1,0.1,0.1,0.1,0.1,0.1,0.1,0.1,0,0,0.1,0.2,0.2,0.3,0.3,0.3,0.3,0.3,0.4,0.4,0.4,0.5,0.5,0.6,0.7,0.9,0.8,0.9,1,1,1.3,1.4,1.4,0.8,1,1.1,1.1,1.2,1.3,1.3,1.3,1.5,1.7,2.1,2.5,2.9,3.1,3.7,4.2,5.4,6.7,6.3,6.9,7.5,6.8,7.3,6.9,6.9,7.6,8,8.5,9.3,10.2,10.3,11.5,10.5,9.4,9,9.3,10.1,9,11.2,12.2,12.6,10.1,7.8,8.1,7.5,8.3,9.3,11.8,15.1,16.5,17.5
62,      Transportion,0.5,0.6,0.8,0.8,0.7,0.8,0.9,0.7,0.9,1.1,0.9,0.7,0.8,0.7,0.5,0.6,0.7,0.7,0.7,0.7,0.6,0.6,0.8,0.8,0.8,1,0.9,0.9,1,0.9,0.6,0.3,0.3,0.3,0.3,0.4,0.5,0.4,0.4,0.4,0.4,0.4,0.5,0.7,0.8,0.7,0.6,1,0.9,0.8,1,1.1,1.1,0.9,0.9,1,0.9,0.6,0.7,0.7,0.6,0.6,0.7,0.7,0.8,0.9,0.9,1,1.1,1,1.1,1.2,1.3,1.6,1.5,2,2.4,2.9,3.1,3.2,3.4,3.3,3.4,4.1,4.7,3.5,3.1,3.2,3.3,3.3,3.1,3.5,3.8,4.1,4.3,5.3,6.1,7.1,6.3,6.7,7,6.7,6.4,6.8,7.1,8.6,8.9,9.8,8.9,9.8,9.4,10.8,10.9,12.1,13.5,12.9,14.6,16.9
63,        Air,0,0,0,0,0,0,0,0,0,0,0,0,0,0,0,0,0,0,0,0,0,0,0,0,0,0,0,0,0,0,0,0,0,0,0,0,0,0,0,0,0,0,0,0,0,0,0,0,0,0,0,0,0,0,0,0,0.1,0.1,0.1,0.1,0.1,0.1,0.1,0.1,0.1,0.1,0.1,0.1,0.1,0.1,0.1,0.1,0.1,0.1,0.1,0.1,0.2,0.2,0.2,0.3,0.3,0.3,0.4,0.5,0.6,0.6,0.6,0.7,0.6,0.7,0.6,0.6,0.7,0.7,0.8,1,1,1.2,1.3,2,2.2,1.4,1.1,1,0.9,0.9,1,0.9,0.6,0.4,0.6,1.1,1,1.1,1.1,2.2,3.8,6.2
64,        Land 3,0.5,0.6,0.8,0.8,0.7,0.8,0.9,0.7,0.9,1.1,0.9,0.7,0.8,0.7,0.5,0.6,0.7,0.7,0.7,0.7,0.6,0.6,0.8,0.8,0.8,1,0.9,0.9,1,0.9,0.6,0.3,0.3,0.3,0.3,0.4,0.5,0.3,0.4,0.4,0.3,0.4,0.5,0.7,0.8,0.7,0.6,0.9,0.9,0.8,0.9,1.1,1.1,0.9,0.9,0.9,0.9,0.5,0.6,0.6,0.5,0.5,0.6,0.6,0.7,0.8,0.7,0.9,1,0.9,1,1.1,1.2,1.4,1.4,1.9,2.2,2.7,2.9,3,3.1,3,3,3.6,4.1,2.9,2.5,2.5,2.7,2.6,2.4,2.9,3.1,3.4,3.5,4.4,5.1,5.9,5,4.8,4.8,5.2,5.3,5.7,6.2,7.7,7.9,8.9,8.3,9.4,8.8,9.7,9.9,10.9,12.4,10.8,10.8,10.7
65,      Farm,0.1,0.1,0.1,0.1,0.1,0.1,0.1,0.1,0.1,0.1,0.1,0.1,0.1,0.1,0.1,0.1,0.2,0.2,0.3,0.3,0.1,0.1,0.2,0.1,0.1,0.1,0.2,0.2,0.1,0.1,0,0,0,0,0.1,0.1,0.1,0.1,0.1,0.1,0.1,0.1,0.1,0.1,0.1,0.7,0.8,0.8,0.7,0.7,0.8,0.9,0.8,0.7,0.7,0.8,0.8,0.8,1.1,1.2,1.2,1.3,1.3,1.3,1.4,1.5,1.7,1.6,1.7,1.9,1.9,1.8,2.5,3.2,3.7,4,4.4,5.2,5.8,5.2,4.7,3.8,3.3,3.3,2.3,2.1,2.6,2.4,2.5,2.8,2.8,2.4,3.4,3.2,3,3.7,3.8,4.3,5.1,6,5.1,5.6,5.1,5.5,5.9,5.8,6.3,8.4,6.9,6.4,5.9,7.7,9.5,11,9.3,8.3,8.5,8.8
66,      Other 4,0,0.1,0.1,0,0,0,0.1,0.1,0.1,0.1,0.1,0.1,0.1,0.1,0,0,0,0,0,0.1,0,0.1,0.1,0.1,0.1,0.1,0.1,0.1,0.1,0.1,0,0,0,0,0,0,0,0,0,0,0,0,0,0,0,0,0,0.1,0.1,0.1,0.1,0.1,0.1,0.1,0.1,0.1,0.1,0.2,0.2,0.2,0.2,0.2,0.2,0.3,0.3,0.4,0.3,0.4,0.5,0.6,0.6,0.6,0.6,0.7,0.7,0.8,1,1.1,1.4,1.5,1.7,1.9,2.2,2.8,4,3.4,3.9,3.3,3.6,4.3,4.3,5,4.7,4.3,5,4.3,3.8,3.9,3.5,4.3,3.3,2.4,2.7,3.3,3.1,4,4.4,4,2.5,2.5,2.1,1.6,1.5,1.6,1.9,1.1,0.9,1.5
67,  Residential structures,0.9,0.8,0.9,1,1.5,1.5,1.4,1.4,1.6,1.4,1.3,1.5,1.4,1.4,1.5,1.7,1.2,0.8,1.8,1.7,2.3,3.6,4.7,5.4,5.8,5.8,5.4,5.1,4,2.4,1.8,0.8,0.7,1,1.4,1.8,2.1,2.2,3.1,3.6,4.2,2.3,1.6,1.5,1.8,7.9,12.1,15.7,14.8,20.6,18.5,18.6,19.4,21.2,25,23.6,22.2,22.3,28.1,26.3,26.5,29.1,32.3,34.5,34.5,32.7,32.9,39.3,43.4,42.3,56.9,70.9,76.6,67.6,64.8,84.6,112.8,135.3,144.7,126.1,124.9,107.2,156.9,185.6,195,229.3,244,250.1,249.9,233.7,215.4,248.8,280.7,317.6,317.7,351.7,369.3,412.1,454.5,477.7,505.2,549.6,628.8,740.8,846.6,828.1,680.6,506.4,381.2,367.4,369.1,421.5,499,548.8,622.1,686.4,743.3,773.7
68,    Housing units,0.7,0.7,0.7,0.8,1.2,1.2,1.1,1.1,1.3,1.1,1.1,1.2,1.2,1.2,1.3,1.4,0.9,0.6,1.5,1.3,1.8,2.9,3.9,4.5,4.8,4.8,4.5,4.2,3.1,1.6,1.3,0.5,0.3,0.4,0.7,1.1,1.4,1.5,2.4,2.8,3.3,1.6,1,0.7,0.8,5.3,8.5,11.4,10.7,16.2,13.8,13.5,14,15.5,18.8,16.9,15.2,15.3,19.9,17.7,17.6,20.2,22.9,24.7,24.5,22.3,22,27.7,30.8,28.5,40.7,52.9,57.9,45.9,38.5,53.6,75.9,89.6,93.9,73.6,73.6,61,100.5,120,120.7,138.2,145.7,146.6,147.1,135.5,117.5,139.1,156.2,184.9,181.8,202.6,209.5,235.6,262.2,274.7,286.5,305,350.7,424.4,492.1,477.4,360.1,233.9,135.4,128.1,126.4,158.4,207.6,240.9,280.6,312.1,339.5,355
69,      Permanent site,0.7,0.7,0.7,0.8,1.2,1.2,1.1,1.1,1.3,1.1,1.1,1.2,1.2,1.2,1.3,1.4,0.9,0.6,1.5,1.3,1.8,2.9,3.9,4.5,4.8,4.8,4.5,4.2,3.1,1.6,1.3,0.5,0.3,0.4,0.7,1.1,1.4,1.5,2.4,2.8,3.3,1.6,1,0.7,0.8,5.2,8.3,11.2,10.6,16,13.7,13.3,13.8,15.3,18.4,16.3,14.7,14.8,19.3,17.2,17,19.6,22.2,23.8,23.4,21.2,20.8,26,28.5,26.2,37.6,49,53.5,42.5,36,50.4,71.7,84.9,88.7,69,68.7,56.2,94.3,113.7,114.6,132.9,140.4,141.4,142,130.6,113.1,133.6,148.9,175.4,170.2,189.4,195.7,220.9,247.9,263.7,277.6,295.5,342.1,414.6,479.4,466.2,350.2,225.5,130.5,123.2,121.6,153.1,201.7,234.4,273.2,303.2,329.1,343.3
70,        1 to 4 unit,0.6,0.6,0.6,0.7,1.1,1.1,1,1,1.2,1,1,1.1,1.1,1,1.1,1.2,0.9,0.6,1.4,1.2,1.7,2.6,3.4,3.9,4,3.9,3.5,3.3,2.5,1.4,1.2,0.5,0.3,0.4,0.7,1,1.2,1.4,2.1,2.6,3.1,1.5,0.9,0.7,0.8,4.9,7.9,10.4,9.8,15.2,13.2,12.9,13.3,14.8,17.9,15.9,13.9,12.8,16.7,14.9,14.1,15.3,16.6,17.7,18.2,16.7,16.8,19.8,20.3,18.1,26.5,34,36.8,30.7,31.2,45.5,64.5,75.3,75.9,56.2,55.5,43.9,76.7,91.4,91.3,107.6,120,123.4,124,115.2,101.7,124.2,141.3,164.8,156.4,173.7,177.9,201.3,225.9,240.9,253.2,269.5,315.1,383.4,440.4,422.2,308.3,186.5,106.7,111,108.4,132.8,173,196.2,224.4,247.2,274.5,288.7
71,      5-or more-unit,0,0,0.1,0.1,0.1,0.1,0.1,0.1,0.1,0.1,0.1,0.1,0.1,0.1,0.2,0.1,0.1,0,0.1,0.1,0.2,0.3,0.5,0.6,0.8,1,1,0.9,0.7,0.2,0.2,0,0,0,0,0.1,0.1,0.1,0.2,0.2,0.2,0.1,0.1,0.1,0,0.3,0.4,0.8,0.9,0.9,0.5,0.4,0.5,0.5,0.5,0.5,0.7,2,2.6,2.3,2.9,4.4,5.7,6.1,5.2,4.5,4,6.2,8.2,8.1,11.1,15,16.8,11.8,4.8,4.9,7.2,9.7,12.9,12.8,13.2,12.3,17.6,22.2,23.3,25.3,20.4,18,18,15.4,11.3,9.3,7.6,10.6,13.8,15.7,17.7,19.6,22,22.7,24.3,26,27,31.2,38.9,44,41.8,39,23.8,12.2,13.2,20.3,28.7,38.1,48.8,56,54.6,54.6
72,      Manufactured homes,0,0,0,0,0,0,0,0,0,0,0,0,0,0,0,0,0,0,0,0,0,0,0,0,0,0,0,0,0,0,0,0,0,0,0,0,0,0,0,0,0,0,0,0,0,0.1,0.2,0.2,0.1,0.1,0.1,0.2,0.2,0.2,0.4,0.5,0.6,0.5,0.6,0.5,0.5,0.6,0.6,0.9,1,1.1,1.2,1.7,2.3,2.3,3.2,3.9,4.4,3.3,2.5,3.2,4.2,4.7,5.1,4.6,4.9,4.8,6.3,6.3,6.1,5.3,5.3,5.2,5.1,4.9,4.4,5.5,7.3,9.6,11.6,13.2,13.9,14.7,14.3,11,9,9.5,8.6,9.8,12.7,11.2,9.9,8.3,4.9,4.9,4.8,5.3,6,6.5,7.4,8.9,10.3,11.7
73,    Brokers' commissions and other ownership transfer costs 5,0.1,0.1,0.1,0.1,0.1,0.1,0.1,0.1,0.1,0.1,0.1,0.1,0.1,0.1,0.1,0.1,0.1,0.1,0.1,0.1,0.2,0.3,0.4,0.4,0.5,0.5,0.4,0.4,0.3,0.3,0.2,0.2,0.2,0.3,0.3,0.2,0.2,0.2,0.2,0.3,0.3,0.3,0.3,0.4,0.4,0.7,0.7,0.6,0.7,0.8,0.9,1,1.1,1.3,1.4,1.4,1.4,1.5,1.9,1.8,1.9,2.2,2.4,2.6,2.8,2.8,3.1,3.6,4,4.6,5.9,7,7.7,8.4,9.8,11.9,15.1,19,20.5,18.3,16.5,14.3,21.7,25.2,30.1,36.8,39.6,42.1,41.2,39.6,40.8,45.5,50,53.5,54.2,61.5,68.1,81.8,89.8,92.7,101.2,117.1,138.2,162.5,185.2,170.2,140,105.3,92,89.8,89.1,103.8,124.6,126.1,140.7,152.3,162.1,162.5
74,    Improvements,0.1,0.1,0.1,0.1,0.1,0.1,0.1,0.1,0.1,0.1,0.1,0.1,0.1,0.1,0.1,0.1,0.1,0.1,0.2,0.2,0.2,0.3,0.3,0.3,0.4,0.4,0.4,0.4,0.4,0.4,0.2,0.1,0.2,0.3,0.4,0.4,0.5,0.4,0.5,0.5,0.6,0.4,0.3,0.4,0.6,2,2.9,3.7,3.3,3.5,3.7,4,4.2,4.3,4.7,5.1,5.4,5.3,6.1,6.5,6.7,6.2,6.5,6.6,6.6,7,7.4,7.6,8.2,9,10.1,10.9,10.8,13.2,16.4,19,21.8,26.6,30.2,34.1,34.6,31.6,34.3,40,43.8,54,58.1,60.8,61,57.9,56.9,63.8,74,78.9,81.3,87,91,93.8,101.2,109,115.9,125.9,138.2,152.3,167.7,178.4,177.6,163.4,151.2,147.9,151.4,156.3,162.8,178.3,196.9,217.4,237.3,251.8
75,    Other residential 6,0,0,0,0,0,0,0,0,0,0,0,0,0,0,0,0,0,0,0,0,0,0.1,0.1,0.1,0.1,0.1,0.1,0.1,0.1,0.1,0,0,0,0,0,0,0,0,0,0,0,0,0,0,0,0.1,0,0.1,0.1,0.1,0.1,0.1,0.1,0.1,0.1,0.2,0.2,0.2,0.2,0.2,0.3,0.5,0.4,0.6,0.6,0.6,0.5,0.4,0.3,0.2,0.2,0.1,0.1,0.1,0.2,0.1,0.1,0.1,0.1,0.1,0.2,0.3,0.3,0.4,0.4,0.4,0.6,0.6,0.7,0.8,0.3,0.3,0.5,0.3,0.5,0.6,0.8,1,1.3,1.4,1.6,1.5,1.8,1.7,1.5,2.1,2.9,3.8,2.5,1.7,2.2,2.9,3.9,3.6,3.9,4.6,4.3,4.4
76,Intellectual property products,0.1,0.1,0.1,0.1,0.1,0.1,0.1,0.1,0.1,0.2,0.2,0.2,0.2,0.2,0.2,0.2,0.3,0.3,0.3,0.3,0.3,0.3,0.3,0.3,0.4,0.4,0.4,0.5,0.6,0.6,0.5,0.4,0.4,0.5,0.6,0.6,0.7,0.8,0.8,0.8,1.1,1.2,1.1,1.2,1.4,1.8,2,2.1,2,2.3,2.4,3,3.7,3.9,4.3,5.2,5.6,6,6.6,7.1,8,8.4,9.2,9.8,11.1,12.8,14,15.5,17.1,17.9,18.6,20.5,22.6,25.4,27.7,32.1,35.7,40.2,47.9,54.1,64.5,72.4,81,94.7,105,113.1,120.1,132.7,150.1,164.4,179.1,187.7,196.9,205.7,226.8,253.3,288,318.1,365.1,411.3,415,406.2,418.7,437.8,473.1,506.3,544.8,574.3,564.4,578.2,622.3,655.7,692.7,730.5,763.3,813.8,854.2,931.1
77,  Nonresidential intellectual property products,0.1,0.1,0.1,0.1,0.1,0.1,0.1,0.1,0.1,0.2,0.2,0.2,0.2,0.2,0.2,0.2,0.3,0.3,0.3,0.3,0.3,0.3,0.3,0.3,0.4,0.4,0.4,0.5,0.6,0.6,0.5,0.4,0.4,0.5,0.6,0.6,0.7,0.8,0.8,0.8,1.1,1.2,1.1,1.2,1.4,1.8,2,2.1,2,2.3,2.4,3,3.7,3.9,4.3,5.2,5.6,6,6.6,7.1,8,8.4,9.2,9.8,11.1,12.8,14,15.5,17.1,17.9,18.6,20.5,22.6,25.4,27.7,32.1,35.7,40.2,47.9,54.1,64.5,72.4,81,94.7,105,113.1,120.1,132.7,150.1,164.4,179.1,187.7,196.9,205.7,226.8,253.3,288,318.1,365.1,411.3,415,406.2,418.7,437.8,473.1,506.3,544.8,574.3,564.4,578.2,622.3,655.7,692.7,730.5,763.3,813.8,854.2,931.1
78,      Software,0,0,0,0,0,0,0,0,0,0,0,0,0,0,0,0,0,0,0,0,0,0,0,0,0,0,0,0,0,0,0,0,0,0,0,0,0,0,0,0,0,0,0,0,0,0,0,0,0,0,0,0,0,0,0,0,0,0,0,0.1,0.2,0.2,0.4,0.5,0.7,1,1.2,1.3,1.8,2.3,2.4,2.8,3.2,3.9,4.8,5.2,5.5,6.3,8.1,9.8,11.8,14,16.4,20.4,23.8,25.6,29,33.3,40.6,45.4,48.7,51.1,57.2,60.4,65.5,74.5,93.8,109.2,136.6,156.8,157.7,152.5,155,166.3,178.6,189.5,206.4,223.8,226,226.4,249.8,272.1,283.7,297.5,307.1,327.6,347.9,380
79,        Prepackaged 7,0,0,0,0,0,0,0,0,0,0,0,0,0,0,0,0,0,0,0,0,0,0,0,0,0,0,0,0,0,0,0,0,0,0,0,0,0,0,0,0,0,0,0,0,0,0,0,0,0,0,0,0,0,0,0,0,0,0,0,0,0,0,0,0,0,0,0,0.1,0.1,0.2,0.2,0.3,0.3,0.4,0.4,0.5,0.5,0.7,0.9,1.2,1.6,1.9,2.6,4,4.9,5.3,5.9,7.6,10.5,13.3,14.3,16.6,18.5,19.9,22.2,26.4,34.9,43.3,50.7,56.5,58.3,63.5,65.1,70.8,75.1,77,80.4,86.9,88.7,80.3,91.7,102.7,109.7,116.1,124.4,133.2,141.3,158.1
80,        Custom,0,0,0,0,0,0,0,0,0,0,0,0,0,0,0,0,0,0,0,0,0,0,0,0,0,0,0,0,0,0,0,0,0,0,0,0,0,0,0,0,0,0,0,0,0,0,0,0,0,0,0,0,0,0,0,0,0,0,0,0,0,0,0,0,0,0.1,0.1,0.2,0.4,0.7,0.8,0.9,1.2,1.5,1.8,1.9,2.1,2.4,2.9,3.6,4.6,4.9,5.7,6.7,7.7,8.6,9.5,11.4,13,14.2,15.7,16.8,18.6,21.4,24.7,30.7,37.8,45.2,53.6,63.9,63.4,56.5,56.2,58.7,65.8,73.3,82.4,91.1,90.9,100.4,110.4,119.1,121.3,126.6,124.9,133,142.3,155.3
81,        Own account,0,0,0,0,0,0,0,0,0,0,0,0,0,0,0,0,0,0,0,0,0,0,0,0,0,0,0,0,0,0,0,0,0,0,0,0,0,0,0,0,0,0,0,0,0,0,0,0,0,0,0,0,0,0,0,0,0,0,0,0.1,0.1,0.2,0.4,0.5,0.6,0.9,1,1,1.3,1.4,1.4,1.6,1.7,2,2.5,2.8,2.9,3.3,4.3,5,5.6,7.2,8,9.7,11.2,11.7,13.6,14.3,17.2,17.9,18.8,17.6,20.2,19.2,18.6,17.4,21.1,20.7,32.3,36.4,35.9,32.5,33.7,36.7,37.7,39.3,43.6,45.8,46.5,45.8,47.7,50.3,52.7,54.8,57.8,61.4,64.3,66.7
82,"      Research and development 8,9",0,0,0,0,0,0,0,0,0,0,0,0.1,0.1,0.1,0.1,0.1,0.1,0.1,0.1,0.1,0.1,0.1,0.1,0.1,0.1,0.1,0.1,0.2,0.2,0.2,0.2,0.2,0.2,0.2,0.2,0.2,0.3,0.3,0.3,0.4,0.6,0.6,0.5,0.5,0.5,0.8,1.1,1.1,1,1.2,1.4,1.9,2.4,2.5,2.7,3.6,3.7,4,4.4,4.8,5.1,5.6,6,6.4,7.2,8,8.9,9.9,10.9,11.4,11.8,12.8,14.5,16.3,17.4,19.5,21.6,24.8,28.9,34,39.4,44.5,49.3,56.6,62.7,66.1,69.2,76.4,84.1,91.5,101,105.4,106.3,109.2,121.2,134.5,148.1,160.6,177.5,199,202.7,196.1,201,207.4,224.7,245.6,268,284.2,274.6,282.4,303.4,313.4,337.9,359.5,378.9,405.2,422,461.7
83,        Business,0,0,0,0,0,0,0,0,0,0,0,0,0,0.1,0.1,0.1,0.1,0.1,0.1,0.1,0.1,0.1,0.1,0.1,0.1,0.1,0.1,0.1,0.2,0.2,0.2,0.2,0.2,0.2,0.2,0.2,0.2,0.3,0.3,0.3,0.5,0.6,0.4,0.5,0.5,0.8,1,1.1,0.9,1.1,1.3,1.8,2.3,2.4,2.6,3.4,3.6,3.8,4.2,4.6,4.9,5.3,5.6,6.1,6.7,7.6,8.4,9.3,10.3,10.8,11.2,12.1,13.7,15.4,16.3,18.2,20.2,23.1,26.9,31.8,36.9,41.7,46.4,53.4,59.2,62.1,64.7,71.1,78.5,85.6,94.7,98.8,99.5,102.3,114,126.7,139.9,151.5,168,189.2,192.7,185.4,189.3,195.4,212.3,232.7,254.5,268.6,257.3,263.7,283.6,291.9,315.2,337.1,355.5,379.2,395.8,434.1
84,          Manufacturing,0,0,0,0,0,0,0,0,0,0,0,0,0,0,0.1,0.1,0.1,0.1,0.1,0.1,0.1,0.1,0.1,0.1,0.1,0.1,0.1,0.1,0.2,0.2,0.2,0.2,0.1,0.2,0.2,0.2,0.2,0.2,0.3,0.3,0.5,0.6,0.4,0.4,0.4,0.7,0.9,1,0.9,1.1,1.2,1.7,2.2,2.3,2.4,3.3,3.5,3.8,4.1,4.6,4.8,5.2,5.6,6,6.7,7.5,8.3,9.2,10.2,10.6,10.9,11.8,13.5,15.1,15.9,17.6,19.3,21.7,25,29.2,33.4,37.3,40.9,46.5,50.9,52.6,54.6,57.7,61.9,64.6,68.2,70.9,69.4,74.3,85,96.2,105.2,112.7,119.3,132.5,138.1,129.2,132.3,140.4,151.5,165.6,182,188,180.2,184.2,191.6,200.6,215.3,227.8,233.4,247.2,254.9,271.3
85,            Pharmaceutical and medicine manufacturing,0,0,0,0,0,0,0,0,0,0,0,0,0,0,0,0,0,0,0,0,0,0,0,0,0,0,0,0,0,0,0,0,0,0,0,0,0,0,0,0,0,0,0,0,0,0,0,0,0,0,0,0,0.1,0.1,0.1,0.1,0.1,0.1,0.2,0.2,0.2,0.2,0.2,0.2,0.3,0.3,0.3,0.4,0.4,0.5,0.6,0.6,0.7,0.8,1,1.1,1.2,1.4,1.6,1.9,2.2,2.6,3.1,3.5,3.7,3.9,5.1,6,6.8,7.7,9,10.1,11.3,12.2,14.5,16.5,18.7,21.9,24.5,28.3,29.6,32.3,33.3,37,40.1,44.8,55.6,58,52.6,57.3,53.7,56.2,60.2,63.7,66.4,69.6,72.2,75.1
86,"            Chemical manufacturing, excluding pharmaceutical and medicine",0,0,0,0,0,0,0,0,0,0,0,0,0,0,0,0,0,0,0,0,0,0,0,0,0,0,0,0,0,0,0,0,0,0,0,0,0,0,0,0,0.1,0.1,0.1,0.1,0.1,0.1,0.1,0.2,0.1,0.2,0.2,0.3,0.3,0.4,0.4,0.5,0.6,0.6,0.7,0.7,0.8,0.9,0.9,1,1.1,1.1,1.2,1.3,1.3,1.4,1.4,1.5,1.7,1.9,2,2.2,2.3,2.5,2.8,3.2,3.6,3.8,4.1,4.4,4.6,4.6,4.7,5.2,5.5,6.2,6.5,6.4,6.6,6.2,6.3,7,6.5,8,8.1,8.3,8.1,6.8,7.5,7.6,8.1,8.4,9.1,11.3,9.9,10.4,10.7,10.1,10.5,11.4,11.6,10.3,10.3,9.9
87,            Semiconductor and other electronic component manufacturing,0,0,0,0,0,0,0,0,0,0,0,0,0,0,0,0,0,0,0,0,0,0,0,0,0,0,0,0,0,0,0,0,0,0,0,0,0,0,0,0,0,0,0,0,0,0,0,0,0,0,0,0,0,0,0,0,0,0,0,0,0.1,0.1,0.1,0.1,0.1,0.1,0.1,0.1,0.1,0.1,0.2,0.2,0.3,0.3,0.3,0.4,0.4,0.5,0.8,1.2,1.3,1.4,1.9,2.5,3,3.5,4.5,4.7,4.7,4.9,5.1,5.5,5.5,6.2,7.4,8.9,10.9,11.9,12.7,14.2,16.5,14.9,15.5,17.6,18.8,18.8,19.1,22.7,21.4,23.4,26.2,29.6,33.1,34.4,33.2,34.4,33.7,36.9
88,            Other computer and electronic product manufacturing,0,0,0,0,0,0,0,0,0,0,0,0,0,0,0,0,0,0,0,0,0,0,0,0,0,0,0,0,0,0,0,0,0,0,0,0,0,0,0,0,0,0,0,0,0,0,0.1,0.1,0,0.1,0.1,0.1,0.1,0.1,0.1,0.2,0.4,0.5,0.6,0.7,0.8,0.9,1,1.1,1.2,1.4,1.5,1.7,2,2.2,2.4,2.5,2.9,3.2,3.3,3.6,3.9,4.3,4.9,5.6,6.2,6.8,7.3,8.1,8.6,8.7,8.9,9.2,9.3,9.7,9.9,10.6,10.7,12,14.1,17,20.7,22.7,23.2,30.4,35.1,25,23,23.2,24.2,29.7,31.4,34.4,31.4,31.8,33.7,33.1,32.6,37.9,38.8,43.1,45.2,50.1
89,"            Motor vehicles, bodies and trailers, and parts manufacturing",0,0,0,0,0,0,0,0,0,0,0,0,0,0,0,0,0,0,0,0,0,0,0,0,0,0,0,0,0,0,0,0,0,0,0,0,0,0,0,0,0.1,0.1,0.1,0.1,0.1,0.2,0.2,0.2,0.2,0.2,0.3,0.4,0.5,0.5,0.5,0.6,0.6,0.6,0.7,0.7,0.8,0.8,0.9,0.9,1,1.1,1.1,1.2,1.4,1.4,1.6,1.9,2.3,2.4,2.3,2.7,3.2,3.8,4.2,4.7,4.7,4.8,5.3,5.9,6.7,7.8,7.8,8.4,9.3,9.1,9.6,9.9,11.3,12.6,14.3,15.5,15,14.9,16.4,16.4,15.7,15.6,16.3,16.6,17,17.4,16.9,13.8,12.1,12,13.9,16.4,17.6,19.2,19.7,22.7,24.8,26.3
90,            Aerospace products and parts manufacturing,0,0,0,0,0,0,0,0,0,0,0,0,0,0,0,0,0,0,0,0,0,0,0,0,0,0,0,0,0,0,0,0,0,0,0,0,0,0,0,0,0.1,0.1,0,0,0,0.1,0.1,0.1,0.1,0.1,0.1,0.1,0.1,0,0.1,0.3,0.3,0.4,0.4,0.4,0.4,0.5,0.5,0.5,0.7,0.8,1.2,1.3,1.4,1.3,1.1,1,1.2,1.3,1.4,1.6,1.8,2.1,2.6,3.2,3.8,4.4,5.1,6,6.9,7.4,7.6,7.5,7.2,6.9,6.8,7.4,6.9,6.5,6.5,7,7.2,7.2,7.5,7.1,7.5,8.4,8.4,10.1,11.8,12.6,14.1,13.9,14.6,11,9.3,8.8,12,12.1,13.3,15.7,14.6,15.6
91,            Other manufacturing,0,0,0,0,0,0,0,0,0,0,0,0,0,0,0,0,0,0,0,0,0,0,0.1,0.1,0.1,0.1,0.1,0.1,0.1,0.1,0.1,0.1,0.1,0.1,0.1,0.1,0.1,0.1,0.1,0.2,0.3,0.3,0.2,0.2,0.2,0.4,0.5,0.5,0.4,0.5,0.6,0.8,1.1,1.2,1.2,1.5,1.5,1.5,1.6,1.8,1.8,1.9,2,2.2,2.3,2.6,2.8,3.1,3.4,3.6,3.7,4,4.4,5.1,5.6,6,6.5,7.1,8.1,9.4,11.7,13.5,14.3,16,17.3,16.7,15.9,16.8,18.9,20.1,21.1,20.9,17.2,18.6,21.9,24.3,26.3,26.1,27,27.8,25.5,26.1,28.2,28.3,31.6,33.8,35.8,33.9,38.3,38.3,44.2,46.2,49.3,49.1,50.3,51.5,54.1,57.5
92,          Nonmanufacturing,0,0,0,0,0,0,0,0,0,0,0,0,0,0,0,0,0,0,0,0,0,0,0,0,0,0,0,0,0,0,0,0,0,0,0,0,0,0,0,0,0,0,0,0,0,0.1,0.1,0.1,0.1,0.1,0.1,0.1,0.1,0.2,0.1,0.1,0.1,0,0,0,0.1,0.1,0.1,0.1,0.1,0.1,0.1,0.1,0.2,0.2,0.2,0.2,0.3,0.3,0.4,0.6,0.9,1.3,1.9,2.6,3.4,4.4,5.4,6.9,8.4,9.5,10.2,13.3,16.6,21.1,26.6,27.9,30.1,28,29,30.6,34.7,38.7,48.7,56.7,54.6,56.2,57.1,55,60.8,67.1,72.5,80.6,77,79.5,91.9,91.3,99.9,109.3,122.2,132,140.9,162.8
93,            Scientific research and development services,0,0,0,0,0,0,0,0,0,0,0,0,0,0,0,0,0,0,0,0,0,0,0,0,0,0,0,0,0,0,0,0,0,0,0,0,0,0,0,0,0,0,0,0,0,0,0,0,0,0,0,0,0,0,0,0,0,0,0,0,0,0,0,0,0,0,0,0,0,0,0,0,0,0,0,0,0,0,0,0,0,0,0,0,0,0,0.5,0.5,0.8,1.4,2.1,2.3,2.2,2.4,2.6,3.4,4.2,5.2,6.1,7.7,8.4,4.9,4.5,5.5,6,6.4,7.5,9.6,9.6,8.4,9.2,9.1,7.5,7.1,9.1,8,9.7,11.2
94,            All other nonmanufacturing,0,0,0,0,0,0,0,0,0,0,0,0,0,0,0,0,0,0,0,0,0,0,0,0,0,0,0,0,0,0,0,0,0,0,0,0,0,0,0,0,0,0,0,0,0,0.1,0.1,0.1,0.1,0.1,0.1,0.1,0.1,0.2,0.1,0.1,0.1,0,0,0,0.1,0.1,0.1,0.1,0.1,0.1,0.1,0.1,0.2,0.2,0.2,0.2,0.3,0.3,0.4,0.6,0.9,1.3,1.9,2.6,3.4,4.4,5.4,6.9,8.4,9.5,9.7,12.8,15.8,19.7,24.5,25.7,27.8,25.6,26.4,27.2,30.5,33.5,42.6,49,46.2,51.3,52.6,49.5,54.8,60.7,65,71,67.4,71.1,82.8,82.2,92.4,102.2,113.1,124,131.2,151.5
95,        Nonprofit institutions serving households (NPISHs),0,0,0,0,0,0,0,0,0,0,0,0,0,0,0,0,0,0,0,0,0,0,0,0,0,0,0,0,0,0,0,0,0,0,0,0,0,0,0,0,0,0,0,0.1,0.1,0.1,0,0.1,0.1,0.1,0.1,0.1,0.1,0.1,0.1,0.1,0.1,0.2,0.2,0.2,0.2,0.3,0.3,0.4,0.4,0.5,0.5,0.6,0.6,0.6,0.7,0.7,0.8,0.9,1.1,1.2,1.4,1.7,2,2.2,2.5,2.8,2.9,3.1,3.4,4,4.5,5.3,5.6,5.8,6.3,6.6,6.8,6.9,7.2,7.8,8.2,9.1,9.5,9.8,10,10.7,11.7,12,12.4,12.9,13.5,15.6,17.3,18.8,19.8,21.6,22.7,22.5,23.3,26,26.2,27.6
96,          Universities and colleges 10,0,0,0,0,0,0,0,0,0,0,0,0,0,0,0,0,0,0,0,0,0,0,0,0,0,0,0,0,0,0,0,0,0,0,0,0,0,0,0,0,0,0,0,0,0,0,0,0,0,0,0,0,0,0,0,0,0,0,0,0,0,0,0,0,0,0.1,0.1,0.1,0.1,0.1,0.1,0.1,0.1,0.1,0.1,0.1,0.1,0.1,0.2,0.2,0.2,0.3,0.3,0.3,0.3,0.4,0.4,0.5,0.5,0.6,0.7,0.7,0.7,0.7,0.8,0.8,0.9,0.9,0.9,1,1.1,1.3,1.4,1.5,1.7,1.9,2.1,2.2,2.5,2.7,3,3.3,4,4.3,4.9,5.4,5.5,6
97,          Other nonprofit institutions,0,0,0,0,0,0,0,0,0,0,0,0,0,0,0,0,0,0,0,0,0,0,0,0,0,0,0,0,0,0,0,0,0,0,0,0,0,0,0,0,0,0,0,0,0,0,0,0,0,0.1,0.1,0.1,0.1,0.1,0.1,0.1,0.1,0.1,0.2,0.2,0.2,0.3,0.3,0.3,0.4,0.4,0.5,0.5,0.5,0.6,0.6,0.7,0.7,0.8,1,1.1,1.3,1.5,1.8,2,2.3,2.5,2.7,2.8,3.1,3.6,4.1,4.8,5.1,5.2,5.6,5.9,6.1,6.2,6.5,6.9,7.3,8.2,8.5,8.8,8.9,9.5,10.3,10.5,10.7,11,11.4,13.4,14.9,16.1,16.9,18.3,18.7,18.1,18.4,20.6,20.7,21.6
98,"    Entertainment, literary, and artistic originals",0.1,0.1,0.1,0.1,0.1,0.1,0.1,0.1,0.1,0.1,0.1,0.1,0.1,0.1,0.2,0.2,0.2,0.2,0.2,0.2,0.2,0.2,0.2,0.2,0.2,0.2,0.3,0.3,0.4,0.4,0.3,0.3,0.2,0.3,0.3,0.4,0.4,0.5,0.5,0.5,0.5,0.6,0.7,0.7,0.9,1,1,0.9,1.1,1.1,1,1.1,1.3,1.4,1.6,1.7,1.9,2,2.2,2.1,2.7,2.6,2.8,2.8,3.2,3.7,3.8,4.3,4.4,4.1,4.4,4.9,4.9,5.2,5.5,7.4,8.6,9.1,10.9,10.3,13.2,13.9,15.3,17.8,18.6,21.4,21.9,23,25.4,27.5,29.4,31.2,33.4,36.1,40.2,44.3,46.1,48.3,51,55.6,54.7,57.6,62.7,64.1,69.8,71.2,70.4,66.3,63.8,69.4,69.1,70.2,71.1,73.4,77.3,81,84.3,89.4
99,      Theatrical movies,0,0,0,0,0,0,0,0,0,0,0,0,0,0,0,0,0.1,0.1,0.1,0.1,0.1,0.1,0.1,0.1,0.1,0.1,0.1,0.1,0.2,0.2,0.2,0.1,0.2,0.2,0.2,0.3,0.3,0.3,0.3,0.3,0.4,0.4,0.4,0.5,0.6,0.7,0.6,0.6,0.7,0.6,0.5,0.5,0.5,0.5,0.6,0.5,0.5,0.6,0.7,0.5,0.8,0.7,0.8,0.8,1,0.9,1,1.4,1.1,0.8,0.9,1,0.8,0.8,0.8,1.7,1.6,1.4,2.3,2,2.9,3,3.4,4,3.8,4.8,4.9,5.1,6.2,6.1,7.3,6.7,8.3,8.6,10.5,13.1,12.6,13.5,12.8,16.1,15.4,15.9,17.7,18,18.9,20.1,20,17.3,15.3,18.1,17.2,15.6,15.8,16,16.6,17.1,17.7,18.5
100,      Long-lived television programs,0,0,0,0,0,0,0,0,0,0,0,0,0,0,0,0,0,0,0,0,0,0,0,0,0,0,0,0,0,0,0,0,0,0,0,0,0,0,0,0,0,0,0,0,0,0,0,0,0,0.1,0.1,0.2,0.3,0.4,0.5,0.6,0.7,0.7,0.8,0.8,0.9,0.9,1,1,1.2,1.5,1.4,1.4,1.5,1.5,1.5,1.8,1.8,2.1,2.1,2.9,3.4,3.8,4.5,4,5.5,6,7,8,8.8,9.8,9.3,9.8,10.4,11.6,11.6,13.2,12.8,13.8,15.6,17.5,18.2,19.1,20.4,21.1,21.1,23.5,25.9,26.1,30.5,31.1,30.4,28.9,29.2,31.8,33.6,36.6,37.8,39.4,42.1,44.6,46.6,49.7
101,      Books,0,0,0,0,0,0,0,0,0,0,0.1,0.1,0.1,0.1,0.1,0.1,0.1,0.1,0.1,0.1,0.1,0.1,0.1,0.1,0.1,0.1,0.1,0.1,0.1,0.1,0.1,0.1,0.1,0.1,0.1,0.1,0.1,0.1,0.1,0.1,0.1,0.1,0.1,0.2,0.2,0.1,0.2,0.2,0.2,0.2,0.2,0.2,0.2,0.2,0.2,0.2,0.3,0.3,0.3,0.4,0.4,0.4,0.5,0.5,0.5,0.6,0.7,0.7,0.7,0.8,0.8,0.8,0.9,1,1.1,1.2,1.4,1.6,1.6,1.8,2,2.2,2.3,2.6,2.8,3,3.3,3.6,4,4.2,4.4,4.7,5,5.3,5.5,5.5,6.1,6.5,6.9,7.2,7.3,7.6,7.8,8.2,8.7,8.6,9.1,9.1,8.6,9.8,9.5,9.2,9.1,9.2,9.4,9.4,9.4,9.4
102,      Music,0,0,0,0,0,0,0,0,0,0,0,0,0,0,0,0,0,0,0,0,0,0,0,0,0,0,0,0,0,0,0,0,0,0,0,0,0,0,0,0,0,0,0.1,0.1,0.1,0.1,0.1,0.1,0.1,0.1,0.1,0.1,0.1,0.1,0.2,0.2,0.3,0.3,0.3,0.3,0.4,0.4,0.4,0.3,0.3,0.5,0.6,0.6,0.8,0.8,0.8,0.9,1,1,1.1,1.2,1.6,1.7,1.8,1.8,2,1.7,1.6,2.1,2,2.4,3,3,3.3,3.9,4.2,4.6,5,6.1,6.1,5.7,6.5,6.5,8.1,8.2,7.9,7.7,8.2,8.7,8.4,8.1,7.8,7.7,7.4,7,6,5.7,5.4,5.7,6.1,6.6,7.3,8
103,      Other,0,0,0,0,0,0,0,0,0,0,0,0,0,0,0,0,0,0,0,0,0,0,0,0,0,0,0,0,0,0,0,0,0,0,0,0,0,0,0,0,0,0,0,0,0.1,0.1,0.1,0.1,0.1,0.1,0.1,0.1,0.1,0.1,0.1,0.1,0.1,0.1,0.2,0.2,0.2,0.2,0.2,0.2,0.2,0.2,0.2,0.3,0.3,0.3,0.3,0.3,0.4,0.4,0.4,0.5,0.5,0.6,0.7,0.8,0.8,0.9,1,1.1,1.2,1.3,1.4,1.5,1.5,1.7,1.8,1.9,2.2,2.3,2.5,2.6,2.7,2.7,2.8,3,3,3,3.1,3.2,3.3,3.3,3.2,3.4,3.2,2.7,2.9,3,3,3.1,3.1,3.2,3.4,3.7
Legend / Footnotes:,,,,,,,,,,,,,,,,,,,,,,,,,,,,,,,,,,,,,,,,,,,,,,,,,,,,,,,,,,,,,,,,,,,,,,,,,,,,,,,,,,,,,,,,,,,,,,,,,,,,,,,,,,,,,,,,,,,,,,,
"1. Consists of office buildings, except those constructed at manufacturing sites and those constructed by power utilities for their own use.  Includes all financial buildings.",,,,,,,,,,,,,,,,,,,,,,,,,,,,,,,,,,,,,,,,,,,,,,,,,,,,,,,,,,,,,,,,,,,,,,,,,,,,,,,,,,,,,,,,,,,,,,,,,,,,,,,,,,,,,,,,,,,,,,,
"2. Includes buildings and structures used by the retail, wholesale and selected service industries.  Consists of auto dealerships, garages, service stations, drug stores, restaurants, mobile structures, and other structures used for commercial purposes.  Bus or truck garages are included in transportation.",,,,,,,,,,,,,,,,,,,,,,,,,,,,,,,,,,,,,,,,,,,,,,,,,,,,,,,,,,,,,,,,,,,,,,,,,,,,,,,,,,,,,,,,,,,,,,,,,,,,,,,,,,,,,,,,,,,,,,,
3. Consists primarily of railroads.,,,,,,,,,,,,,,,,,,,,,,,,,,,,,,,,,,,,,,,,,,,,,,,,,,,,,,,,,,,,,,,,,,,,,,,,,,,,,,,,,,,,,,,,,,,,,,,,,,,,,,,,,,,,,,,,,,,,,,,
"4. Includes water supply, sewage and waste disposal, public safety, highway and street, and conservation and development.",,,,,,,,,,,,,,,,,,,,,,,,,,,,,,,,,,,,,,,,,,,,,,,,,,,,,,,,,,,,,,,,,,,,,,,,,,,,,,,,,,,,,,,,,,,,,,,,,,,,,,,,,,,,,,,,,,,,,,,
"5. Consists of brokers' commissions on the sale of residential structures and underlying land, title insurance, state and local documentary stamp taxes, attorney fees, title abstract and escrow fees, and fees for surveys and engineering services. Ownership transfer costs include both acquisition costs, such as brokers' commissions paid by buyers, and disposal costs, such as brokers' commissions paid by sellers. The depreciation of acquision costs begins at the time of ownership transfer. The depreciation of disposal costs begins at the time of the initial purchase and before the eventual sale (disposal) of the dwelling by the purchaser. Because the depreciation of expected disposal costs begins before the eventual sale of the dwelling by the purchaser, the current-cost net stock of disposal costs and total ownership transfer costs may be negative in some years. The average ages of ownership transfer costs are not shown in the tables but are included in the estimates of average ages of relevant aggregates, suc",,,,,,,,,,,,,,,,,,,,,,,,,,,,,,,,,,,,,,,,,,,,,,,,,,,,,,,,,,,,,,,,,,,,,,,,,,,,,,,,,,,,,,,,,,,,,,,,,,,,,,,,,,,,,,,,,,,,,,,
6. Consists primarily of dormitories and of fraternity and sorority houses.,,,,,,,,,,,,,,,,,,,,,,,,,,,,,,,,,,,,,,,,,,,,,,,,,,,,,,,,,,,,,,,,,,,,,,,,,,,,,,,,,,,,,,,,,,,,,,,,,,,,,,,,,,,,,,,,,,,,,,,
"7. Excludes software ""embedded"" or bundled in computers and other equipment.",,,,,,,,,,,,,,,,,,,,,,,,,,,,,,,,,,,,,,,,,,,,,,,,,,,,,,,,,,,,,,,,,,,,,,,,,,,,,,,,,,,,,,,,,,,,,,,,,,,,,,,,,,,,,,,,,,,,,,,
8. Research and development (R&amp;D) asset types are defined by the type of funder.,,,,,,,,,,,,,,,,,,,,,,,,,,,,,,,,,,,,,,,,,,,,,,,,,,,,,,,,,,,,,,,,,,,,,,,,,,,,,,,,,,,,,,,,,,,,,,,,,,,,,,,,,,,,,,,,,,,,,,,
"9. R&amp;D net stock excludes software development, which is included in software net stock on line 78.",,,,,,,,,,,,,,,,,,,,,,,,,,,,,,,,,,,,,,,,,,,,,,,,,,,,,,,,,,,,,,,,,,,,,,,,,,,,,,,,,,,,,,,,,,,,,,,,,,,,,,,,,,,,,,,,,,,,,,,
10. Includes private universities and colleges.  Public universities and colleges are included in state and local government fixed assets.,,,,,,,,,,,,,,,,,,,,,,,,,,,,,,,,,,,,,,,,,,,,,,,,,,,,,,,,,,,,,,,,,,,,,,,,,,,,,,,,,,,,,,,,,,,,,,,,,,,,,,,,,,,,,,,,,,,,,,,
n.e.c. Not elsewhere classified,,,,,,,,,,,,,,,,,,,,,,,,,,,,,,,,,,,,,,,,,,,,,,,,,,,,,,,,,,,,,,,,,,,,,,,,,,,,,,,,,,,,,,,,,,,,,,,,,,,,,,,,,,,,,,,,,,,,,,,
